branch,district,state_abbr,forecast_measure,forecast,ci_low,ci_high,ci_measure,potential_power,pr_close,pr_tip,realized_power
ussenate,GA-S3,GA,net_dem_twoparty_margin,0.5205574000000001,-7.995430000000001,8.934565,80pct,25.0,0.6580500000000001,0.15925,2.6198615625
ussenate,NV-S3,NV,net_dem_twoparty_margin,1.602119,-7.913689,11.270999999999999,80pct,25.0,0.6580500000000001,0.1344,2.211048
ussenate,NC-S3,NC,net_dem_twoparty_margin,-2.517906,-11.494860000000001,6.391682,80pct,25.0,0.6580500000000001,0.1127,1.854055875
ussenate,WI-S3,WI,net_dem_twoparty_margin,-2.021538,-11.79208,7.877689,80pct,25.0,0.6580500000000001,0.1124375,1.8497374218750002
ussenate,PA-S3,PA,net_dem_twoparty_margin,3.784065,-5.969614,13.59324,80pct,25.0,0.6580500000000001,0.1103875,1.8160123593750002
ussenate,AZ-S3,AZ,net_dem_twoparty_margin,4.53207,-5.494623000000001,14.52948,80pct,25.0,0.6580500000000001,0.1013875,1.6679511093750004
ussenate,NH-S3,NH,net_dem_twoparty_margin,5.696396,-4.482632,15.9814,80pct,25.0,0.6580500000000001,0.085625,1.4086382812500002
ussenate,OH-S3,OH,net_dem_twoparty_margin,-6.551239,-16.86445,3.62661,80pct,25.0,0.6580500000000001,0.0566,0.9311407500000001
governor,PA-G1,PA,net_dem_twoparty_margin,6.948192999999999,-1.415291,15.38889,80pct,3.906086268664087,0.17400855527617992,1.0,0.6796924283943622
governor,FL-G1,FL,net_dem_twoparty_margin,-10.25037,-19.36889,-1.119736,80pct,6.562681077342991,0.10157863672584322,1.0,0.6666281971029892
ussenate,FL-S3,FL,net_dem_twoparty_margin,-7.912746,-17.8119,2.0255360000000002,80pct,25.0,0.6580500000000001,0.0398625,0.6557879531250002
governor,GA-G1,GA,net_dem_twoparty_margin,-6.426754,-14.61348,1.926626,80pct,3.2539227275886144,0.18802464841072541,1.0,0.6118176768105179
governor,TX-G1,TX,net_dem_twoparty_margin,-12.3186,-21.41682,-3.173462,80pct,8.896805512258148,0.06550304830720977,1.0,0.5827678812492956
governor,AZ-G1,AZ,net_dem_twoparty_margin,1.8842740000000002,-7.640203,11.26553,80pct,2.192363101028011,0.2589050886411972,1.0,0.5676139630053472
ussenate,CO-S3,CO,net_dem_twoparty_margin,11.03947,0.9966068000000001,21.18013,80pct,25.0,0.6580500000000001,0.0286875,0.4719452343750001
governor,WI-G1,WI,net_dem_twoparty_margin,4.6645970000000005,-5.849833,15.03994,80pct,1.7764444460982534,0.20650431415025156,1.0,0.3668434419675433
ushouse,IA-3,IA,net_dem_twoparty_margin,-3.440132,-12.2383,5.301746,80pct,25.0,0.44217500000000004,0.02785,0.30786434375
ushouse,OR-5,OR,net_dem_twoparty_margin,-2.844261,-12.1585,6.414791,80pct,25.0,0.44217500000000004,0.0262875,0.2905918828125
statesenate,MI,MI,dem_twoparty_seatshare,50.38523197562034,41.66666666666666,58.19225570149254,80pct,0.7570804776691408,0.3780487804878049,1.0,0.2862133513139435
ushouse,MI-10,MI,net_dem_twoparty_margin,-3.705917,-13.304570000000002,5.821882,80pct,25.0,0.44217500000000004,0.0258625,0.2858937734375
ushouse,NJ-7,NJ,net_dem_twoparty_margin,-2.1873970000000003,-11.608139999999999,7.330641,80pct,25.0,0.44217500000000004,0.025625,0.283268359375
governor,OR-G1,OR,net_dem_twoparty_margin,4.460529,-5.791338,14.78421,80pct,1.2793718061785107,0.2100799922749157,1.0,0.26877041915872646
governor,NV-G1,NV,net_dem_twoparty_margin,2.230259,-6.616922,11.05185,80pct,0.9472884160561688,0.269645985525695,1.0,0.25543251852454024
ushouse,NC-13,NC,net_dem_twoparty_margin,-0.7294921999999999,-9.683735,8.223930000000001,80pct,25.0,0.44217500000000004,0.0224625,0.2483088984375
ushouse,CO-8,CO,net_dem_twoparty_margin,-2.271446,-12.1061,7.567038,80pct,25.0,0.44217500000000004,0.0223625,0.2472034609375
governor,KS-G1,KS,net_dem_twoparty_margin,0.4454002,-8.508007000000001,9.401251,80pct,0.8841932227436223,0.27891956974632837,1.0,0.2466187932602706
ushouse,PA-7,PA,net_dem_twoparty_margin,-1.333862,-11.65903,8.819313000000001,80pct,25.0,0.44217500000000004,0.02165,0.23932721875
ushouse,WI-3,WI,net_dem_twoparty_margin,-4.525002,-14.888320000000002,5.853458,80pct,25.0,0.44217500000000004,0.021625,0.23905085937499998
ushouse,NM-2,NM,net_dem_twoparty_margin,-2.13958,-12.60908,8.393158,80pct,25.0,0.44217500000000004,0.0215625,0.23835996093749998
ushouse,NY-19,NY,net_dem_twoparty_margin,-3.6861949999999997,-14.40032,6.882671,80pct,25.0,0.44217500000000004,0.021325,0.235734546875
ushouse,VA-2,VA,net_dem_twoparty_margin,-1.502975,-11.7993,8.803664999999999,80pct,25.0,0.44217500000000004,0.02125,0.23490546875
ushouse,AZ-2,AZ,net_dem_twoparty_margin,-3.419945,-13.78669,6.9482,80pct,25.0,0.44217500000000004,0.0211875,0.2342145703125
ushouse,NY-1,NY,net_dem_twoparty_margin,-5.122101,-15.69979,5.384144,80pct,25.0,0.44217500000000004,0.0207125,0.22896374218749999
ussenate,LA-S3,LA,net_dem_twoparty_margin,-21.47631,-40.80635,-2.801332,80pct,25.0,0.6580500000000001,0.01385,0.22784981250000003
ushouse,KS-3,KS,net_dem_twoparty_margin,-0.1808434,-9.071507,8.746080000000001,80pct,25.0,0.44217500000000004,0.0204375,0.22592378906250002
ushouse,CA-45,CA,net_dem_twoparty_margin,-3.766861,-14.538820000000001,6.992477,80pct,25.0,0.44217500000000004,0.0203875,0.2253710703125
ushouse,CA-27,CA,net_dem_twoparty_margin,-0.4478455,-10.1704,9.174538,80pct,25.0,0.44217500000000004,0.02005,0.22164021874999998
ushouse,CA-41,CA,net_dem_twoparty_margin,-7.435478,-17.04934,2.092007,80pct,25.0,0.44217500000000004,0.0198125,0.2190148046875
ushouse,NY-18,NY,net_dem_twoparty_margin,-0.859375,-11.23157,9.520695,80pct,25.0,0.44217500000000004,0.0196125,0.21680392968750004
governor,MN-G1,MN,net_dem_twoparty_margin,9.17247,-0.11190610000000001,18.47145,80pct,1.7196437371846223,0.1250517435275409,1.0,0.21504444758115332
ushouse,OH-13,OH,net_dem_twoparty_margin,-7.493842999999999,-16.50594,1.5368959999999998,80pct,25.0,0.44217500000000004,0.0187375,0.2071313515625
ushouse,OH-1,OH,net_dem_twoparty_margin,-8.058784,-17.10548,1.021221,80pct,25.0,0.44217500000000004,0.01835,0.20284778125000003
ushouse,TX-15,TX,net_dem_twoparty_margin,-1.297924,-12.69356,9.950686,80pct,25.0,0.44217500000000004,0.0181125,0.2002223671875
ushouse,NE-2,NE,net_dem_twoparty_margin,-8.136032,-17.157120000000003,0.7998810000000001,80pct,25.0,0.44217500000000004,0.017775,0.196491515625
ushouse,CA-22,CA,net_dem_twoparty_margin,-0.0985413,-10.61267,10.43448,80pct,25.0,0.44217500000000004,0.01755,0.19400428125
ushouse,IL-17,IL,net_dem_twoparty_margin,0.2495422,-9.713074,10.32737,80pct,25.0,0.44217500000000004,0.017325,0.191517046875
ushouse,MD-6,MD,net_dem_twoparty_margin,0.5327454,-9.624839999999999,10.672989999999999,80pct,25.0,0.44217500000000004,0.0170625,0.1886152734375
governor,MI-G1,MI,net_dem_twoparty_margin,13.1372,3.347349,22.94807,80pct,3.028321910676563,0.061796768100036314,1.0,0.18714050684633846
ushouse,NY-3,NY,net_dem_twoparty_margin,1.059109,-9.695025999999999,11.7499,80pct,25.0,0.44217500000000004,0.0162375,0.1794954140625
ushouse,CA-3,CA,net_dem_twoparty_margin,-8.688248,-18.99407,1.624199,80pct,25.0,0.44217500000000004,0.015725,0.173830046875
ushouse,NV-3,NV,net_dem_twoparty_margin,1.278343,-8.018082000000001,10.55477,80pct,25.0,0.44217500000000004,0.0157,0.1735536875
statehouse,MN,MN,dem_twoparty_seatshare,50.38523197562034,41.66666666666666,58.19225570149254,80pct,0.42991093429615557,0.3780487804878049,1.0,0.16252730442903443
ushouse,ME-2,ME,net_dem_twoparty_margin,1.510948,-9.234032000000001,12.354610000000001,80pct,25.0,0.44217500000000004,0.0143125,0.1582157421875
ushouse,NY-22,NY,net_dem_twoparty_margin,1.645721,-8.561129,11.85438,80pct,25.0,0.44217500000000004,0.0142125,0.1571103046875
ushouse,MI-3,MI,net_dem_twoparty_margin,1.879005,-7.729064999999999,11.36318,80pct,25.0,0.44217500000000004,0.013825,0.15282673437500002
ushouse,OH-9,OH,net_dem_twoparty_margin,1.894218,-7.445889,11.248619999999999,80pct,25.0,0.44217500000000004,0.0138,0.152550375
ussenate,IL-S3,IL,net_dem_twoparty_margin,16.450210000000002,5.850137999999999,27.135209999999997,80pct,25.0,0.6580500000000001,0.008925,0.14682740625000001
ushouse,IA-2,IA,net_dem_twoparty_margin,-9.885956,-19.475820000000002,-0.35642240000000003,80pct,25.0,0.44217500000000004,0.01325,0.14647046875
ushouse,MI-7,MI,net_dem_twoparty_margin,2.230095,-7.065456,11.592989999999999,80pct,25.0,0.44217500000000004,0.013075,0.144535953125
governor,IL-G1,IL,net_dem_twoparty_margin,14.98449,5.375118,24.5358,80pct,3.8179294400381063,0.03746790495134026,1.0,0.1430498173702715
ushouse,CA-13,CA,net_dem_twoparty_margin,3.2324599999999997,-6.880642,13.302579999999999,80pct,25.0,0.44217500000000004,0.0111125,0.12284174218750002
governor,NM-G1,NM,net_dem_twoparty_margin,6.2218860000000005,-3.027441,15.499139999999999,80pct,0.6375163834437435,0.18944390344193346,1.0,0.12077359218776718
ushouse,IA-1,IA,net_dem_twoparty_margin,-10.7675,-20.56322,-0.9660187,80pct,25.0,0.44217500000000004,0.0108375,0.1198017890625
ushouse,NH-1,NH,net_dem_twoparty_margin,3.909447,-6.970608,14.739279999999999,80pct,25.0,0.44217500000000004,0.010675,0.118005453125
ushouse,TX-28,TX,net_dem_twoparty_margin,3.5668910000000005,-7.5832630000000005,14.707770000000002,80pct,25.0,0.44217500000000004,0.01055,0.11662365625000001
governor,CT-G1,CT,net_dem_twoparty_margin,10.06815,0.8497256999999999,19.33507,80pct,1.0863708805358776,0.10653922055734846,1.0,0.11574110684849272
governor,MD-G1,MD,net_dem_twoparty_margin,14.09857,3.282207,24.87814,80pct,1.8575610697333267,0.05973228153029661,1.0,0.11095636077703
ushouse,CT-5,CT,net_dem_twoparty_margin,3.8755870000000003,-5.589825,13.41574,80pct,25.0,0.44217500000000004,0.0097,0.10722743750000001
statehouse,MI,MI,dem_twoparty_seatshare,42.84892865567422,35.67676767676768,50.63335408163265,80pct,0.7570804776691408,0.13953488372093026,1.0,0.1056391364189499
ushouse,FL-15,FL,net_dem_twoparty_margin,-11.40497,-21.62346,-1.102463,80pct,25.0,0.44217500000000004,0.009525,0.10529292187500001
ussenate,WA-S3,WA,net_dem_twoparty_margin,15.53899,6.013771,25.01551,80pct,25.0,0.6580500000000001,0.0062125,0.10220339062500002
ushouse,RI-2,RI,net_dem_twoparty_margin,4.5928379999999995,-6.550808,15.75895,80pct,25.0,0.44217500000000004,0.009075,0.100318453125
ushouse,PA-8,PA,net_dem_twoparty_margin,3.477867,-5.400486,12.29931,80pct,25.0,0.44217500000000004,0.0088875,0.0982457578125
ushouse,NV-4,NV,net_dem_twoparty_margin,4.595047,-5.188015,14.310939999999999,80pct,25.0,0.44217500000000004,0.008875,0.098107578125
governor,NY-G1,NY,net_dem_twoparty_margin,16.97479,8.086288,25.86078,80pct,5.9765853677055585,0.015930871627623248,1.0,0.09521221426444873
ushouse,CA-9,CA,net_dem_twoparty_margin,4.5538940000000006,-5.883751,14.9611,80pct,25.0,0.44217500000000004,0.0085625,0.0946530859375
ushouse,FL-27,FL,net_dem_twoparty_margin,-12.80594,-23.68458,-1.8904459999999998,80pct,25.0,0.44217500000000004,0.008225,0.090922234375
ushouse,NY-11,NY,net_dem_twoparty_margin,-12.05458,-22.01812,-2.157713,80pct,25.0,0.44217500000000004,0.008125,0.08981679687500001
ushouse,PA-17,PA,net_dem_twoparty_margin,4.1020970000000005,-4.842918,12.99461,80pct,25.0,0.44217500000000004,0.0080375,0.0888495390625
ussenate,OR-S3,OR,net_dem_twoparty_margin,19.02216,8.113274,29.997690000000002,80pct,25.0,0.6580500000000001,0.005275,0.08678034375000002
ushouse,NV-1,NV,net_dem_twoparty_margin,4.454407,-5.11661,14.06054,80pct,25.0,0.44217500000000004,0.007575,0.083736890625
ussenate,MO-S3,MO,net_dem_twoparty_margin,-17.12252,-27.852159999999998,-6.311939,80pct,25.0,0.6580500000000001,0.0049,0.080611125
ushouse,IN-1,IN,net_dem_twoparty_margin,4.727295,-4.554821,14.088779999999998,80pct,25.0,0.44217500000000004,0.0072875,0.08055875781249999
statesenate,NY,NY,dem_twoparty_seatshare,58.60667168930477,51.93192642857144,64.85714499999999,80pct,1.4941463419263896,0.05357142857142857,1.0,0.08004355403177087
ushouse,VA-7,VA,net_dem_twoparty_margin,4.545731,-4.321583,13.35225,80pct,25.0,0.44217500000000004,0.007125,0.078762421875
ussenate,IA-S3,IA,net_dem_twoparty_margin,-17.33865,-28.283170000000002,-6.375324,80pct,25.0,0.6580500000000001,0.004725,0.07773215625
governor,ME-G1,ME,net_dem_twoparty_margin,6.479504,-2.823664,15.72073,80pct,0.4134597354343029,0.1840005226497355,1.0,0.0760768074145331
ushouse,AZ-1,AZ,net_dem_twoparty_margin,-12.764610000000001,-22.99014,-2.479549,80pct,25.0,0.44217500000000004,0.006825,0.075446109375
governor,CO-G1,CO,net_dem_twoparty_margin,14.375379999999998,4.880491,23.82064,80pct,1.7511836506590384,0.04254023256818655,1.0,0.07449575976864144
ushouse,IL-6,IL,net_dem_twoparty_margin,5.850128,-4.651356,16.27734,80pct,25.0,0.44217500000000004,0.0065875,0.0728206953125
ushouse,CA-47,CA,net_dem_twoparty_margin,6.341354,-4.532589,17.205479999999998,80pct,25.0,0.44217500000000004,0.00655,0.07240615625
ussenate,UT-S3,UT,net_dem_twoparty_margin,-18.6791,-30.41034,-7.125114,80pct,25.0,0.6580500000000001,0.0043625,0.07176857812500001
ussenate,CT-S3,CT,net_dem_twoparty_margin,18.766820000000003,8.317165,29.195009999999996,80pct,25.0,0.6580500000000001,0.004275,0.07032909375000002
ushouse,AZ-6,AZ,net_dem_twoparty_margin,-13.34591,-23.27063,-3.269146,80pct,25.0,0.44217500000000004,0.0063375,0.0700571015625
statesenate,OR,OR,dem_twoparty_seatshare,55.5894941770593,49.253731343283576,63.2653,80pct,0.31984295154462766,0.21311475409836064,1.0,0.0681632519685272
ushouse,MI-8,MI,net_dem_twoparty_margin,5.361843,-4.027447,14.79241,80pct,25.0,0.44217500000000004,0.006075,0.067155328125
ushouse,MN-2,MN,net_dem_twoparty_margin,5.0949860000000005,-4.080048000000001,14.166879999999999,80pct,25.0,0.44217500000000004,0.00585,0.06466809375
ushouse,WA-8,WA,net_dem_twoparty_margin,6.2761,-3.9379769999999996,16.46284,80pct,25.0,0.44217500000000004,0.0057375,0.06342447656250001
governor,OH-G1,OH,net_dem_twoparty_margin,-17.34339,-26.6936,-8.004436,80pct,3.5493338387561355,0.017595602953335177,1.0,0.06245266897558994
ushouse,OR-6,OR,net_dem_twoparty_margin,5.654326999999999,-3.650433,14.96369,80pct,25.0,0.44217500000000004,0.0055875,0.0617663203125
statesenate,MN,MN,dem_twoparty_seatshare,42.84892865567422,35.67676767676768,50.63335408163265,80pct,0.42991093429615557,0.13953488372093026,1.0,0.059987572227370556
ushouse,CA-40,CA,net_dem_twoparty_margin,-13.355529999999998,-22.736420000000003,-3.996422,80pct,25.0,0.44217500000000004,0.005125,0.056653671875000006
ushouse,CT-2,CT,net_dem_twoparty_margin,7.118195,-3.392517,17.71181,80pct,25.0,0.44217500000000004,0.0048125,0.0531991796875
ushouse,IL-13,IL,net_dem_twoparty_margin,6.564682,-3.12859,16.16755,80pct,25.0,0.44217500000000004,0.00475,0.05250828125
statesenate,IL,IL,dem_twoparty_seatshare,58.60667168930477,51.93192642857144,64.85714499999999,80pct,0.9544823600095266,0.05357142857142857,1.0,0.05113298357193892
statehouse,IL,IL,dem_twoparty_seatshare,58.60667168930477,51.93192642857144,64.85714499999999,80pct,0.9544823600095266,0.05357142857142857,1.0,0.05113298357193892
ushouse,PA-10,PA,net_dem_twoparty_margin,-15.087829999999999,-25.296529999999997,-4.659866,80pct,25.0,0.44217500000000004,0.004575,0.050573765625
statesenate,NV,NV,dem_twoparty_seatshare,55.5894941770593,49.253731343283576,63.2653,80pct,0.2368221040140422,0.21311475409836064,1.0,0.05047028446200899
ushouse,TX-23,TX,net_dem_twoparty_margin,-15.860920000000002,-26.923000000000002,-4.91268,80pct,25.0,0.44217500000000004,0.0045,0.049744687499999996
ushouse,NC-11,NC,net_dem_twoparty_margin,-14.419929999999999,-24.13808,-4.85726,80pct,25.0,0.44217500000000004,0.0044625,0.049330148437500006
ushouse,TX-34,TX,net_dem_twoparty_margin,8.684952000000001,-3.009962,20.34367,80pct,25.0,0.44217500000000004,0.0041625,0.046013835937500004
ushouse,NY-24,NY,net_dem_twoparty_margin,-16.22656,-27.25497,-5.269875,80pct,25.0,0.44217500000000004,0.004025,0.044493859375
ushouse,FL-2,FL,net_dem_twoparty_margin,-15.526079999999999,-25.70214,-5.223717,80pct,25.0,0.44217500000000004,0.003825,0.042282984375
ushouse,FL-7,FL,net_dem_twoparty_margin,-15.38274,-25.466089999999998,-5.343296,80pct,25.0,0.44217500000000004,0.0038,0.042006625
ushouse,NY-4,NY,net_dem_twoparty_margin,8.759453,-2.438805,19.75757,80pct,25.0,0.44217500000000004,0.0037625,0.0415920859375
ushouse,AK-1,AK,net_dem_twoparty_margin,-21.637539999999998,-38.147290000000005,-4.232437,80pct,25.0,0.44217500000000004,0.003725,0.041177546875
ushouse,IL-14,IL,net_dem_twoparty_margin,8.297634,-2.0812630000000003,18.49024,80pct,25.0,0.44217500000000004,0.0036375,0.0402102890625
ushouse,NH-2,NH,net_dem_twoparty_margin,8.574463,-2.031158,19.16441,80pct,25.0,0.44217500000000004,0.0035625,0.0393812109375
statesenate,ME,ME,dem_twoparty_seatshare,50.38523197562034,41.66666666666666,58.19225570149254,80pct,0.10336493385857573,0.3780487804878049,1.0,0.03907698719043717
statehouse,ME,ME,dem_twoparty_seatshare,50.38523197562034,41.66666666666666,58.19225570149254,80pct,0.10336493385857573,0.3780487804878049,1.0,0.03907698719043717
ushouse,PA-1,PA,net_dem_twoparty_margin,-14.948939999999999,-24.69442,-5.271715,80pct,25.0,0.44217500000000004,0.003475,0.038413953125
ushouse,CO-7,CO,net_dem_twoparty_margin,7.0571589999999995,-2.300138,16.50284,80pct,25.0,0.44217500000000004,0.0034125,0.0377230546875
ushouse,MN-1,MN,net_dem_twoparty_margin,-16.531579999999998,-26.850609999999996,-6.2059120000000005,80pct,25.0,0.44217500000000004,0.003125,0.034544921875
ushouse,NY-17,NY,net_dem_twoparty_margin,7.988808000000001,-1.582867,17.56379,80pct,25.0,0.44217500000000004,0.00305,0.03371584375
ushouse,AZ-4,AZ,net_dem_twoparty_margin,8.599274000000001,-1.702782,18.79052,80pct,25.0,0.44217500000000004,0.0030375,0.0335776640625
ushouse,NY-2,NY,net_dem_twoparty_margin,-16.60805,-27.138440000000003,-6.021545,80pct,25.0,0.44217500000000004,0.0029,0.0320576875
governor,SC-G1,SC,net_dem_twoparty_margin,-19.04721,-30.152959999999997,-8.158453,80pct,1.5639659011952756,0.020129758939058218,1.0,0.03148225657996784
statesenate,FL,FL,dem_twoparty_seatshare,38.826987222636426,30.0,45.90000000000001,80pct,1.6406702693357478,0.018691588785046728,1.0,0.030666734006275658
ushouse,OH-7,OH,net_dem_twoparty_margin,-17.0479,-27.686770000000003,-6.393738,80pct,25.0,0.44217500000000004,0.0026875,0.0297086328125
ushouse,MO-2,MO,net_dem_twoparty_margin,-17.30987,-27.49747,-7.0787960000000005,80pct,25.0,0.44217500000000004,0.0026625,0.0294322734375
ushouse,NE-1,NE,net_dem_twoparty_margin,-17.52808,-28.012990000000002,-7.189903,80pct,25.0,0.44217500000000004,0.0025,0.027635937500000003
ushouse,MT-1,MT,net_dem_twoparty_margin,-16.77779,-26.6531,-6.830419999999999,80pct,25.0,0.44217500000000004,0.002425,0.026806859375000002
ushouse,NC-1,NC,net_dem_twoparty_margin,8.529751,-0.6498470000000001,17.76323,80pct,25.0,0.44217500000000004,0.002375,0.026254140625
ushouse,TN-5,TN,net_dem_twoparty_margin,-17.062379999999997,-27.03765,-7.17823,80pct,25.0,0.44217500000000004,0.0023,0.0254250625
ushouse,NJ-3,NJ,net_dem_twoparty_margin,8.842205,-0.8325863000000001,18.72861,80pct,25.0,0.44217500000000004,0.002225,0.024595984375
ushouse,WA-3,WA,net_dem_twoparty_margin,-17.365879999999997,-27.295790000000004,-7.319153,80pct,25.0,0.44217500000000004,0.0022125,0.0244578046875
governor,CA-G1,CA,net_dem_twoparty_margin,26.48677,15.656179999999999,37.377759999999995,80pct,11.8224090062318,0.0020584974207552534,1.0,0.024336398446441837
ushouse,GA-2,GA,net_dem_twoparty_margin,10.08869,0.201828,20.06972,80pct,25.0,0.44217500000000004,0.00215,0.02376690625
statehouse,CO,CO,dem_twoparty_seatshare,58.60667168930477,51.93192642857144,64.85714499999999,80pct,0.4377959126647596,0.05357142857142857,1.0,0.02345335246418355
ushouse,TX-24,TX,net_dem_twoparty_margin,-18.08527,-28.447509999999998,-7.733421000000001,80pct,25.0,0.44217500000000004,0.0020875,0.0230760078125
ushouse,CA-49,CA,net_dem_twoparty_margin,10.025089999999999,-0.0730667,20.05248,80pct,25.0,0.44217500000000004,0.002075,0.022937828125
ushouse,FL-13,FL,net_dem_twoparty_margin,-16.7864,-26.43052,-7.273514,80pct,25.0,0.44217500000000004,0.0019375,0.0214178515625
ushouse,FL-23,FL,net_dem_twoparty_margin,11.30899,0.43968199999999996,22.24835,80pct,25.0,0.44217500000000004,0.0019375,0.0214178515625
statehouse,PA,PA,dem_twoparty_seatshare,38.826987222636426,30.0,45.90000000000001,80pct,0.9765215671660218,0.018691588785046728,1.0,0.018252739573196668
statesenate,PA,PA,dem_twoparty_seatshare,38.826987222636426,30.0,45.90000000000001,80pct,0.9765215671660218,0.018691588785046728,1.0,0.018252739573196668
ushouse,OR-4,OR,net_dem_twoparty_margin,8.884235,-0.0772877,17.85002,80pct,25.0,0.44217500000000004,0.0016125,0.0178251796875
ushouse,FL-28,FL,net_dem_twoparty_margin,-19.97561,-31.01395,-9.025406,80pct,25.0,0.44217500000000004,0.0015875,0.0175488203125
statehouse,OR,OR,dem_twoparty_seatshare,58.60667168930477,51.93192642857144,64.85714499999999,80pct,0.31984295154462766,0.05357142857142857,1.0,0.017134443832747908
ushouse,FL-4,FL,net_dem_twoparty_margin,-18.41154,-28.422659999999997,-8.394900999999999,80pct,25.0,0.44217500000000004,0.0015125,0.0167197421875
ushouse,CA-48,CA,net_dem_twoparty_margin,-19.39697,-29.865040000000004,-8.985535,80pct,25.0,0.44217500000000004,0.0014875,0.0164433828125
ussenate,VT-S3,VT,net_dem_twoparty_margin,26.660759999999996,15.11297,38.23715,80pct,25.0,0.6580500000000001,0.0009625,0.015834328125
ussenate,AK-S3,AK,net_dem_twoparty_margin,-42.011179999999996,-61.84325,-21.91616,80pct,25.0,0.6580500000000001,0.0009625,0.015834328125
governor,AK-G1,AK,net_dem_twoparty_margin,-16.233620000000002,-33.1472,0.8567276,80pct,0.22075529022097118,0.07149830729786166,1.0,0.015783629577847635
statesenate,GA,GA,dem_twoparty_seatshare,38.826987222636426,30.0,45.90000000000001,80pct,0.8134806818971536,0.018691588785046728,1.0,0.015205246390601002
statehouse,GA,GA,dem_twoparty_seatshare,38.826987222636426,30.0,45.90000000000001,80pct,0.8134806818971536,0.018691588785046728,1.0,0.015205246390601002
ushouse,NJ-5,NJ,net_dem_twoparty_margin,13.08359,2.4490950000000002,23.68543,80pct,25.0,0.44217500000000004,0.0013625,0.0150615859375
governor,RI-G1,RI,net_dem_twoparty_margin,15.695089999999999,4.752218,26.72823,80pct,0.33010866173449577,0.04539712273885922,1.0,0.014985983433921464
statehouse,NC,NC,dem_twoparty_seatshare,38.826987222636426,30.0,45.90000000000001,80pct,0.7947695730150022,0.018691588785046728,1.0,0.01485550603766359
statesenate,NC,NC,dem_twoparty_seatshare,38.826987222636426,30.0,45.90000000000001,80pct,0.7947695730150022,0.018691588785046728,1.0,0.01485550603766359
ushouse,NJ-2,NJ,net_dem_twoparty_margin,-19.12932,-29.24875,-8.942283999999999,80pct,25.0,0.44217500000000004,0.0013375,0.0147852265625
ushouse,CO-3,CO,net_dem_twoparty_margin,-18.62189,-28.50432,-8.814419000000001,80pct,25.0,0.44217500000000004,0.0013375,0.0147852265625
statehouse,CT,CT,dem_twoparty_seatshare,58.60667168930477,51.93192642857144,64.85714499999999,80pct,0.2715927201339694,0.05357142857142857,1.0,0.014549610007176932
statesenate,CT,CT,dem_twoparty_seatshare,58.60667168930477,51.93192642857144,64.85714499999999,80pct,0.2715927201339694,0.05357142857142857,1.0,0.014549610007176932
statesenate,CA,CA,dem_twoparty_seatshare,72.24715618408483,60.0,87.5,80pct,2.95560225155795,0.0048543689320388345,1.0,0.01434758374542694
statehouse,CA,CA,dem_twoparty_seatshare,72.24715618408483,60.0,87.5,80pct,2.95560225155795,0.0048543689320388345,1.0,0.01434758374542694
ushouse,NC-14,NC,net_dem_twoparty_margin,11.95712,2.024822,21.9968,80pct,25.0,0.44217500000000004,0.001275,0.014094328125000001
ushouse,WI-1,WI,net_dem_twoparty_margin,-18.889429999999997,-28.860190000000003,-8.940961999999999,80pct,25.0,0.44217500000000004,0.001275,0.014094328125000001
ushouse,NC-9,NC,net_dem_twoparty_margin,-19.21465,-29.28244,-8.942238,80pct,25.0,0.44217500000000004,0.0012375,0.013679789062500001
ussenate,CA-S3,CA,net_dem_twoparty_margin,26.93948,15.973239999999999,37.88106,80pct,25.0,0.6580500000000001,0.000825,0.013572281250000002
ushouse,SC-1,SC,net_dem_twoparty_margin,-20.10311,-30.21664,-9.994354,80pct,25.0,0.44217500000000004,0.0011625,0.012850710937499999
governor,OK-G1,OK,net_dem_twoparty_margin,-21.04733,-31.596120000000003,-10.374,80pct,1.2011793111677957,0.010627326297767192,1.0,0.012765324481907397
statehouse,NV,NV,dem_twoparty_seatshare,58.60667168930477,51.93192642857144,64.85714499999999,80pct,0.2368221040140422,0.05357142857142857,1.0,0.012686898429323688
ushouse,NM-3,NM,net_dem_twoparty_margin,12.59145,2.262352,23.00892,80pct,25.0,0.44217500000000004,0.0010625,0.0117452734375
ussenate,NY-S3,NY,net_dem_twoparty_margin,23.1841,13.62875,32.58343,80pct,25.0,0.6580500000000001,0.0007125,0.011721515625000001
ushouse,CA-25,CA,net_dem_twoparty_margin,13.545160000000001,2.748459,24.38277,80pct,25.0,0.44217500000000004,0.0010375,0.0114689140625
governor,IA-G1,IA,net_dem_twoparty_margin,-19.72133,-29.7558,-9.673278999999999,80pct,0.9620786917813109,0.011732695552656547,1.0,0.011287776388368215
ushouse,IL-11,IL,net_dem_twoparty_margin,12.49685,2.179691,22.86899,80pct,25.0,0.44217500000000004,0.0010125,0.0111925546875
ussenate,KS-S3,KS,net_dem_twoparty_margin,-22.13792,-32.05878,-12.172419999999999,80pct,25.0,0.6580500000000001,0.00065,0.010693312500000001
statesenate,AZ,AZ,dem_twoparty_seatshare,38.826987222636426,30.0,45.90000000000001,80pct,0.5480907752570028,0.018691588785046728,1.0,0.01024468738798136
statehouse,AZ,AZ,dem_twoparty_seatshare,38.826987222636426,30.0,45.90000000000001,80pct,0.5480907752570028,0.018691588785046728,1.0,0.01024468738798136
ushouse,NC-7,NC,net_dem_twoparty_margin,-21.146929999999998,-31.35838,-10.92826,80pct,25.0,0.44217500000000004,0.000875,0.009672578125000001
ushouse,VA-5,VA,net_dem_twoparty_margin,-20.624660000000002,-30.55067,-10.63612,80pct,25.0,0.44217500000000004,0.000875,0.009672578125000001
ussenate,IN-S3,IN,net_dem_twoparty_margin,-26.47884,-37.53329,-15.4562,80pct,25.0,0.6580500000000001,0.0005875,0.009665109375000001
statehouse,NM,NM,dem_twoparty_seatshare,58.60667168930477,51.93192642857144,64.85714499999999,80pct,0.15937909586093588,0.05357142857142857,1.0,0.008538165849692993
ushouse,VA-10,VA,net_dem_twoparty_margin,13.57594,3.010887,24.097739999999998,80pct,25.0,0.44217500000000004,0.0007625,0.0084289609375
statesenate,TX,TX,dem_twoparty_seatshare,28.697171428701967,15.991489361702127,40.32258,80pct,2.224201378064537,0.0037174721189591076,1.0,0.00826840660990534
statehouse,TX,TX,dem_twoparty_seatshare,28.697171428701967,15.991489361702127,40.32258,80pct,2.224201378064537,0.0037174721189591076,1.0,0.00826840660990534
governor,MA-G1,MA,net_dem_twoparty_margin,22.8405,12.992339999999999,32.787490000000005,80pct,2.1045057658438244,0.0038407183090110064,1.0,0.008082813826295606
ussenate,KY-S3,KY,net_dem_twoparty_margin,-23.12988,-32.75728,-13.498679999999998,80pct,25.0,0.6580500000000001,0.000475,0.007814343750000001
statehouse,AK,AK,dem_twoparty_seatshare,42.84892865567422,35.67676767676768,50.63335408163265,80pct,0.055188822555242795,0.13953488372093026,1.0,0.007700765937940856
statehouse,NY,NY,dem_twoparty_seatshare,72.24715618408483,60.0,87.5,80pct,1.4941463419263896,0.0048543689320388345,1.0,0.0072531375821669394
ushouse,NJ-6,NJ,net_dem_twoparty_margin,15.28754,4.552698,26.13201,80pct,25.0,0.44217500000000004,0.00065,0.00718534375
ushouse,NV-2,NV,net_dem_twoparty_margin,-21.12259,-31.04433,-11.23669,80pct,25.0,0.44217500000000004,0.0006125,0.0067708046875
ushouse,FL-21,FL,net_dem_twoparty_margin,-22.40468,-32.38548,-12.461210000000001,80pct,25.0,0.44217500000000004,0.000575,0.006356265625
ushouse,CO-5,CO,net_dem_twoparty_margin,-22.6166,-32.89535,-12.44768,80pct,25.0,0.44217500000000004,0.0005625,0.0062180859374999994
statehouse,FL,FL,dem_twoparty_seatshare,28.697171428701967,15.991489361702127,40.32258,80pct,1.6406702693357478,0.0037174721189591076,1.0,0.0060991459826607725
ushouse,OH-10,OH,net_dem_twoparty_margin,-22.43984,-32.34062,-12.53507,80pct,25.0,0.44217500000000004,0.00055,0.00607990625
ushouse,OH-15,OH,net_dem_twoparty_margin,-22.20245,-31.89801,-12.43791,80pct,25.0,0.44217500000000004,0.0005375,0.0059417265625
ushouse,NY-23,NY,net_dem_twoparty_margin,-22.55746,-32.912040000000005,-12.220419999999999,80pct,25.0,0.44217500000000004,0.000525,0.005803546875
ushouse,NJ-11,NJ,net_dem_twoparty_margin,15.58109,4.794086,26.4713,80pct,25.0,0.44217500000000004,0.0005125,0.005665367187500001
ushouse,CA-26,CA,net_dem_twoparty_margin,15.05795,4.542603,25.750320000000002,80pct,25.0,0.44217500000000004,0.0005125,0.005665367187500001
ushouse,PA-6,PA,net_dem_twoparty_margin,16.27702,6.137023999999999,26.369159999999997,80pct,25.0,0.44217500000000004,0.0005,0.0055271875
ushouse,WA-5,WA,net_dem_twoparty_margin,-22.95137,-33.5348,-12.52684,80pct,25.0,0.44217500000000004,0.000475,0.005250828125
ushouse,NY-25,NY,net_dem_twoparty_margin,15.895179999999998,5.737389,26.07348,80pct,25.0,0.44217500000000004,0.0004625,0.005112648437500001
ushouse,MA-9,MA,net_dem_twoparty_margin,17.0686,6.108818,27.89405,80pct,25.0,0.44217500000000004,0.0004375,0.0048362890625000005
ushouse,FL-16,FL,net_dem_twoparty_margin,-23.2298,-33.35369,-13.05605,80pct,25.0,0.44217500000000004,0.000425,0.004698109375
ushouse,TX-3,TX,net_dem_twoparty_margin,-23.90936,-34.1438,-13.59162,80pct,25.0,0.44217500000000004,0.0004125,0.0045599296875
ushouse,MI-11,MI,net_dem_twoparty_margin,16.13932,5.974464,26.195220000000003,80pct,25.0,0.44217500000000004,0.0004125,0.0045599296875
statesenate,MD,MD,dem_twoparty_seatshare,72.24715618408483,60.0,87.5,80pct,0.9287805348666633,0.0048543689320388345,1.0,0.004508643373139142
statehouse,MD,MD,dem_twoparty_seatshare,72.24715618408483,60.0,87.5,80pct,0.9287805348666633,0.0048543689320388345,1.0,0.004508643373139142
statesenate,IA,IA,dem_twoparty_seatshare,38.826987222636426,30.0,45.90000000000001,80pct,0.24051967294532772,0.018691588785046728,1.0,0.004495694821407994
statehouse,IA,IA,dem_twoparty_seatshare,38.826987222636426,30.0,45.90000000000001,80pct,0.24051967294532772,0.018691588785046728,1.0,0.004495694821407994
ushouse,NM-1,NM,net_dem_twoparty_margin,15.742020000000002,5.634005,25.7256,80pct,25.0,0.44217500000000004,0.0004,0.00442175
ussenate,SC-S3,SC,net_dem_twoparty_margin,-26.09396,-36.24109,-15.882970000000002,80pct,25.0,0.6580500000000001,0.0002625,0.004318453125
ushouse,CA-23,CA,net_dem_twoparty_margin,-22.956329999999998,-33.16769,-12.80739,80pct,25.0,0.44217500000000004,0.000375,0.004145390625
ushouse,FL-19,FL,net_dem_twoparty_margin,-23.095879999999998,-33.30457,-12.88844,80pct,25.0,0.44217500000000004,0.00035,0.00386903125
ushouse,DE-1,DE,net_dem_twoparty_margin,15.47114,5.609662999999999,25.364620000000002,80pct,25.0,0.44217500000000004,0.00035,0.00386903125
ushouse,TX-21,TX,net_dem_twoparty_margin,-23.95969,-33.72809,-14.210139999999999,80pct,25.0,0.44217500000000004,0.0003375,0.0037308515625000004
ushouse,MD-1,MD,net_dem_twoparty_margin,-23.69639,-33.59919,-13.81274,80pct,25.0,0.44217500000000004,0.0003375,0.0037308515625000004
ushouse,PA-4,PA,net_dem_twoparty_margin,16.377270000000003,6.1047080000000005,26.7237,80pct,25.0,0.44217500000000004,0.0003375,0.0037308515625000004
ushouse,IL-8,IL,net_dem_twoparty_margin,16.21655,5.6369110000000004,26.696479999999998,80pct,25.0,0.44217500000000004,0.000325,0.003592671875
governor,NE-G1,NE,net_dem_twoparty_margin,-23.08849,-33.94613,-12.312389999999999,80pct,0.5916628528205615,0.00600210127098999,1.0,0.003551220360911856
ushouse,CT-3,CT,net_dem_twoparty_margin,16.36468,5.887728,26.79737,80pct,25.0,0.44217500000000004,0.0003125,0.0034544921875000003
ushouse,SC-2,SC,net_dem_twoparty_margin,-24.42574,-34.38872,-14.331970000000002,80pct,25.0,0.44217500000000004,0.0003125,0.0034544921875000003
ushouse,NC-6,NC,net_dem_twoparty_margin,13.12476,4.428221,21.90845,80pct,25.0,0.44217500000000004,0.0003,0.0033163125
ushouse,CA-5,CA,net_dem_twoparty_margin,-24.20683,-34.435140000000004,-14.02459,80pct,25.0,0.44217500000000004,0.0003,0.0033163125
statesenate,OH,OH,dem_twoparty_seatshare,28.697171428701967,15.991489361702127,40.32258,80pct,0.8873334596890339,0.0037174721189591076,1.0,0.0032986373966135086
statehouse,OH,OH,dem_twoparty_seatshare,28.697171428701967,15.991489361702127,40.32258,80pct,0.8873334596890339,0.0037174721189591076,1.0,0.0032986373966135086
ussenate,AL-S3,AL,net_dem_twoparty_margin,-28.31992,-38.50221,-18.10315,80pct,25.0,0.6580500000000001,0.0002,0.0032902500000000006
ushouse,VA-1,VA,net_dem_twoparty_margin,-23.370379999999997,-33.18721,-13.51038,80pct,25.0,0.44217500000000004,0.0002875,0.0031781328125
ushouse,GA-7,GA,net_dem_twoparty_margin,16.540020000000002,6.028412,27.061120000000003,80pct,25.0,0.44217500000000004,0.000275,0.003039953125
ushouse,SC-7,SC,net_dem_twoparty_margin,-24.83071,-35.09629,-14.709589999999999,80pct,25.0,0.44217500000000004,0.000275,0.003039953125
governor,VT-G1,VT,net_dem_twoparty_margin,-23.28699,-36.391059999999996,-10.19483,80pct,0.19451104750407394,0.015138897650433414,1.0,0.0029446828400427672
ushouse,GA-1,GA,net_dem_twoparty_margin,-24.85332,-34.72586,-14.99673,80pct,25.0,0.44217500000000004,0.0002625,0.0029017734375
ushouse,IN-9,IN,net_dem_twoparty_margin,-23.76645,-33.77382,-13.7624,80pct,25.0,0.44217500000000004,0.0002625,0.0029017734375
statesenate,WA,WA,dem_twoparty_seatshare,72.24715618408483,60.0,87.5,80pct,0.5829193918674183,0.0048543689320388345,1.0,0.002829705785764166
statehouse,WA,WA,dem_twoparty_seatshare,72.24715618408483,60.0,87.5,80pct,0.5829193918674183,0.0048543689320388345,1.0,0.002829705785764166
statehouse,AL,AL,dem_twoparty_seatshare,28.697171428701967,15.991489361702127,40.32258,80pct,0.7592606181836901,0.0037174721189591076,1.0,0.002822530179121524
statesenate,AL,AL,dem_twoparty_seatshare,28.697171428701967,15.991489361702127,40.32258,80pct,0.7592606181836901,0.0037174721189591076,1.0,0.002822530179121524
ushouse,WA-6,WA,net_dem_twoparty_margin,17.796229999999998,7.385727,28.26284,80pct,25.0,0.44217500000000004,0.0002375,0.0026254140625
ushouse,MI-1,MI,net_dem_twoparty_margin,-25.70399,-36.449709999999996,-15.020629999999999,80pct,25.0,0.44217500000000004,0.0002375,0.0026254140625
ushouse,TX-7,TX,net_dem_twoparty_margin,18.94944,8.186579,29.7711,80pct,25.0,0.44217500000000004,0.0002375,0.0026254140625
statesenate,MA,MA,dem_twoparty_seatshare,72.24715618408483,60.0,87.5,80pct,0.5261264414609561,0.0048543689320388345,1.0,0.002554011851752214
statehouse,MA,MA,dem_twoparty_seatshare,72.24715618408483,60.0,87.5,80pct,0.5261264414609561,0.0048543689320388345,1.0,0.002554011851752214
ussenate,MD-S3,MD,net_dem_twoparty_margin,30.64293,20.35122,40.75719,80pct,25.0,0.6580500000000001,0.00015,0.0024676875
ussenate,OK-S2,OK,net_dem_twoparty_margin,-30.528709999999997,-41.24552,-19.82645,80pct,25.0,0.6580500000000001,0.0001375,0.002262046875
ussenate,HI-S3,HI,net_dem_twoparty_margin,35.83852,23.613879999999998,47.8845,80pct,25.0,0.6580500000000001,0.0001375,0.002262046875
ushouse,KY-6,KY,net_dem_twoparty_margin,-24.43141,-34.26801,-14.603,80pct,25.0,0.44217500000000004,0.0002,0.002210875
ushouse,UT-4,UT,net_dem_twoparty_margin,-27.627809999999997,-38.722879999999996,-16.43679,80pct,25.0,0.44217500000000004,0.0002,0.002210875
ushouse,FL-3,FL,net_dem_twoparty_margin,-25.1436,-35.10261,-15.280070000000002,80pct,25.0,0.44217500000000004,0.0002,0.002210875
ushouse,LA-5,LA,net_dem_twoparty_margin,-40.63751,-60.15433,-24.130010000000002,80pct,25.0,0.44217500000000004,0.0002,0.002210875
ushouse,IN-5,IN,net_dem_twoparty_margin,-27.170579999999998,-37.40845,-16.91713,80pct,25.0,0.44217500000000004,0.0002,0.002210875
ushouse,FL-22,FL,net_dem_twoparty_margin,18.92897,8.555771,29.255209999999998,80pct,25.0,0.44217500000000004,0.0001875,0.0020726953125
ushouse,CO-4,CO,net_dem_twoparty_margin,-26.244590000000002,-36.28672,-16.08447,80pct,25.0,0.44217500000000004,0.0001875,0.0020726953125
ushouse,NJ-1,NJ,net_dem_twoparty_margin,17.74093,7.856267999999999,27.689790000000002,80pct,25.0,0.44217500000000004,0.0001875,0.0020726953125
ushouse,FL-25,FL,net_dem_twoparty_margin,18.75081,8.465759,29.20335,80pct,25.0,0.44217500000000004,0.0001875,0.0020726953125
ushouse,CA-21,CA,net_dem_twoparty_margin,19.643810000000002,8.487831,30.89058,80pct,25.0,0.44217500000000004,0.0001875,0.0020726953125
governor,TN-G1,TN,net_dem_twoparty_margin,-28.355909999999998,-39.09894,-17.5553,80pct,2.101641897469324,0.0009521840757509281,1.0,0.002001149947701255
statehouse,NH,NH,dem_twoparty_seatshare,38.826987222636426,30.0,45.90000000000001,80pct,0.10462625621341552,0.018691588785046728,1.0,0.001955630957260103
statesenate,NH,NH,dem_twoparty_seatshare,38.826987222636426,30.0,45.90000000000001,80pct,0.10462625621341552,0.018691588785046728,1.0,0.001955630957260103
statesenate,TN,TN,dem_twoparty_seatshare,28.697171428701967,15.991489361702127,40.32258,80pct,0.525410474367331,0.0037174721189591076,1.0,0.0019531987894696318
statehouse,TN,TN,dem_twoparty_seatshare,28.697171428701967,15.991489361702127,40.32258,80pct,0.525410474367331,0.0037174721189591076,1.0,0.0019531987894696318
ushouse,TN-7,TN,net_dem_twoparty_margin,-25.70974,-35.47683,-15.8763,80pct,25.0,0.44217500000000004,0.000175,0.001934515625
ushouse,FL-9,FL,net_dem_twoparty_margin,17.171689999999998,6.848853999999999,27.507379999999998,80pct,25.0,0.44217500000000004,0.000175,0.001934515625
statesenate,IN,IN,dem_twoparty_seatshare,28.697171428701967,15.991489361702127,40.32258,80pct,0.5126629457870621,0.0037174721189591076,1.0,0.0019058102073868477
statehouse,IN,IN,dem_twoparty_seatshare,28.697171428701967,15.991489361702127,40.32258,80pct,0.5126629457870621,0.0037174721189591076,1.0,0.0019058102073868477
ushouse,ME-1,ME,net_dem_twoparty_margin,18.13942,7.686725999999999,28.54131,80pct,25.0,0.44217500000000004,0.0001625,0.0017963359375
ushouse,AZ-7,AZ,net_dem_twoparty_margin,20.78371,9.93478,31.63099,80pct,25.0,0.44217500000000004,0.0001625,0.0017963359375
ushouse,FL-14,FL,net_dem_twoparty_margin,18.064529999999998,7.865208,28.3186,80pct,25.0,0.44217500000000004,0.0001625,0.0017963359375
ushouse,PA-12,PA,net_dem_twoparty_margin,17.36469,7.585335000000001,26.99115,80pct,25.0,0.44217500000000004,0.0001625,0.0017963359375
ushouse,TX-38,TX,net_dem_twoparty_margin,-26.33772,-36.66608,-16.118170000000003,80pct,25.0,0.44217500000000004,0.0001625,0.0017963359375
governor,HI-G1,HI,net_dem_twoparty_margin,25.05941,13.88795,36.22594,80pct,0.43434171981758796,0.004030676027548176,1.0,0.0017506907578327983
statesenate,MO,MO,dem_twoparty_seatshare,28.697171428701967,15.991489361702127,40.32258,80pct,0.46462061223841383,0.0037174721189591076,1.0,0.001727214171890014
statehouse,MO,MO,dem_twoparty_seatshare,28.697171428701967,15.991489361702127,40.32258,80pct,0.46462061223841383,0.0037174721189591076,1.0,0.001727214171890014
ushouse,NJ-9,NJ,net_dem_twoparty_margin,19.88775,9.525909,30.22462,80pct,25.0,0.44217500000000004,0.00015,0.00165815625
ushouse,CA-6,CA,net_dem_twoparty_margin,18.42316,8.182781,28.72904,80pct,25.0,0.44217500000000004,0.00015,0.00165815625
ushouse,MD-2,MD,net_dem_twoparty_margin,18.29269,8.384346,28.22208,80pct,25.0,0.44217500000000004,0.00015,0.00165815625
ushouse,GA-12,GA,net_dem_twoparty_margin,-26.363590000000002,-36.20328,-16.57486,80pct,25.0,0.44217500000000004,0.00015,0.00165815625
ushouse,MN-8,MN,net_dem_twoparty_margin,-25.61897,-35.79074,-15.406670000000002,80pct,25.0,0.44217500000000004,0.00015,0.00165815625
statehouse,WI,WI,dem_twoparty_seatshare,28.697171428701967,15.991489361702127,40.32258,80pct,0.44411111152456334,0.0037174721189591076,1.0,0.001650970674812503
statesenate,WI,WI,dem_twoparty_seatshare,28.697171428701967,15.991489361702127,40.32258,80pct,0.44411111152456334,0.0037174721189591076,1.0,0.001650970674812503
ushouse,TX-32,TX,net_dem_twoparty_margin,20.27637,9.963280000000001,30.468970000000002,80pct,25.0,0.44217500000000004,0.0001375,0.0015199765625
ushouse,TX-10,TX,net_dem_twoparty_margin,-26.708920000000003,-36.52478,-16.783839999999998,80pct,25.0,0.44217500000000004,0.0001375,0.0015199765625
ushouse,MO-5,MO,net_dem_twoparty_margin,20.38914,10.70478,30.108859999999996,80pct,25.0,0.44217500000000004,0.0001375,0.0015199765625
ushouse,CA-1,CA,net_dem_twoparty_margin,-25.43477,-35.60464,-15.330370000000002,80pct,25.0,0.44217500000000004,0.0001375,0.0015199765625
statehouse,SC,SC,dem_twoparty_seatshare,28.697171428701967,15.991489361702127,40.32258,80pct,0.3909914752988189,0.0037174721189591076,1.0,0.001453499908174048
ushouse,CO-6,CO,net_dem_twoparty_margin,18.61206,8.182808,29.07831,80pct,25.0,0.44217500000000004,0.000125,0.001381796875
ushouse,AR-2,AR,net_dem_twoparty_margin,-25.41306,-35.31385,-15.66699,80pct,25.0,0.44217500000000004,0.000125,0.001381796875
ushouse,NY-20,NY,net_dem_twoparty_margin,18.591829999999998,8.535789,28.602790000000002,80pct,25.0,0.44217500000000004,0.000125,0.001381796875
statehouse,KY,KY,dem_twoparty_seatshare,28.697171428701967,15.991489361702127,40.32258,80pct,0.33967151143508295,0.0037174721189591076,1.0,0.0012627193733646205
statesenate,KY,KY,dem_twoparty_seatshare,28.697171428701967,15.991489361702127,40.32258,80pct,0.33967151143508295,0.0037174721189591076,1.0,0.0012627193733646205
ushouse,FL-26,FL,net_dem_twoparty_margin,-27.68512,-38.66383,-16.79403,80pct,25.0,0.44217500000000004,0.0001125,0.0012436171875
ushouse,OH-14,OH,net_dem_twoparty_margin,-27.819000000000003,-37.95255,-17.76587,80pct,25.0,0.44217500000000004,0.0001125,0.0012436171875
ushouse,AZ-5,AZ,net_dem_twoparty_margin,-28.13115,-38.50745,-17.84198,80pct,25.0,0.44217500000000004,0.0001125,0.0012436171875
statehouse,OK,OK,dem_twoparty_seatshare,28.697171428701967,15.991489361702127,40.32258,80pct,0.30029482779194894,0.0037174721189591076,1.0,0.0011163376497841967
statesenate,OK,OK,dem_twoparty_seatshare,28.697171428701967,15.991489361702127,40.32258,80pct,0.30029482779194894,0.0037174721189591076,1.0,0.0011163376497841967
ushouse,WA-2,WA,net_dem_twoparty_margin,22.11531,12.01569,32.05279,80pct,25.0,0.44217500000000004,0.0001,0.0011054375
ushouse,WA-1,WA,net_dem_twoparty_margin,23.17219,12.531930000000001,33.84814,80pct,25.0,0.44217500000000004,0.0001,0.0011054375
ushouse,KS-2,KS,net_dem_twoparty_margin,-27.56881,-37.658190000000005,-17.490679999999998,80pct,25.0,0.44217500000000004,0.0001,0.0011054375
ushouse,NY-21,NY,net_dem_twoparty_margin,-26.4251,-37.31776,-15.454329999999999,80pct,25.0,0.44217500000000004,0.0001,0.0011054375
ushouse,FL-17,FL,net_dem_twoparty_margin,-29.72165,-40.21869,-19.18601,80pct,25.0,0.44217500000000004,0.0001,0.0011054375
ushouse,GA-6,GA,net_dem_twoparty_margin,-27.54594,-37.705290000000005,-17.29541,80pct,25.0,0.44217500000000004,0.0001,0.0011054375
ushouse,HI-2,HI,net_dem_twoparty_margin,26.07037,14.21819,37.874790000000004,80pct,25.0,0.44217500000000004,0.0001,0.0011054375
ushouse,CA-39,CA,net_dem_twoparty_margin,23.8073,12.49954,35.17703,80pct,25.0,0.44217500000000004,0.0001,0.0011054375
ushouse,CT-4,CT,net_dem_twoparty_margin,24.35023,13.639070000000002,34.93035,80pct,25.0,0.44217500000000004,0.0001,0.0011054375
ushouse,KY-3,KY,net_dem_twoparty_margin,19.40379,9.777023,29.1074,80pct,25.0,0.44217500000000004,0.0001,0.0011054375
ushouse,TX-22,TX,net_dem_twoparty_margin,-28.264290000000003,-38.48748,-18.15445,80pct,25.0,0.44217500000000004,0.0001,0.0011054375
governor,NH-G1,NH,net_dem_twoparty_margin,-22.26002,-31.28085,-13.10689,80pct,0.4185050248536621,0.002568387245762027,1.0,0.001074882968121466
statesenate,AK,AK,dem_twoparty_seatshare,38.826987222636426,30.0,45.90000000000001,80pct,0.055188822555242795,0.018691588785046728,1.0,0.00103156677673351
ushouse,TX-8,TX,net_dem_twoparty_margin,-28.40598,-38.28102,-18.37735,80pct,25.0,0.44217500000000004,8.75e-05,0.0009672578125
ushouse,MD-3,MD,net_dem_twoparty_margin,19.27525,9.224335,29.341720000000002,80pct,25.0,0.44217500000000004,8.75e-05,0.0009672578125
statehouse,UT,UT,dem_twoparty_seatshare,28.697171428701967,15.991489361702127,40.32258,80pct,0.2514340093996047,0.0037174721189591076,1.0,0.0009346989197011326
statesenate,UT,UT,dem_twoparty_seatshare,28.697171428701967,15.991489361702127,40.32258,80pct,0.2514340093996047,0.0037174721189591076,1.0,0.0009346989197011326
statesenate,AR,AR,dem_twoparty_seatshare,28.697171428701967,15.991489361702127,40.32258,80pct,0.2279261846287582,0.0037174721189591076,1.0,0.0008473092365381345
statehouse,AR,AR,dem_twoparty_seatshare,28.697171428701967,15.991489361702127,40.32258,80pct,0.2279261846287582,0.0037174721189591076,1.0,0.0008473092365381345
ushouse,UT-2,UT,net_dem_twoparty_margin,-29.379459999999998,-39.97841,-18.86317,80pct,25.0,0.44217500000000004,7.5e-05,0.000829078125
ushouse,GA-11,GA,net_dem_twoparty_margin,-27.97093,-37.50053,-18.51086,80pct,25.0,0.44217500000000004,7.5e-05,0.000829078125
ushouse,MN-3,MN,net_dem_twoparty_margin,18.25121,9.281887,27.24427,80pct,25.0,0.44217500000000004,7.5e-05,0.000829078125
ushouse,FL-10,FL,net_dem_twoparty_margin,19.6307,9.433344,29.816640000000003,80pct,25.0,0.44217500000000004,7.5e-05,0.000829078125
ushouse,TX-17,TX,net_dem_twoparty_margin,-30.100990000000003,-39.98381,-20.315620000000003,80pct,25.0,0.44217500000000004,7.5e-05,0.000829078125
ushouse,NY-26,NY,net_dem_twoparty_margin,24.43465,14.078120000000002,34.528459999999995,80pct,25.0,0.44217500000000004,7.5e-05,0.000829078125
ushouse,LA-3,LA,net_dem_twoparty_margin,-48.605059999999995,-66.32438,-30.451970000000003,80pct,25.0,0.44217500000000004,7.5e-05,0.000829078125
statehouse,KS,KS,dem_twoparty_seatshare,28.697171428701967,15.991489361702127,40.32258,80pct,0.22104830568590558,0.0037174721189591076,1.0,0.000821740913330504
ushouse,VT-1,VT,net_dem_twoparty_margin,22.51172,11.72821,33.51591,80pct,25.0,0.44217500000000004,6.25e-05,0.0006908984375
ushouse,CT-1,CT,net_dem_twoparty_margin,22.105,11.82183,32.46627,80pct,25.0,0.44217500000000004,6.25e-05,0.0006908984375
ushouse,WA-10,WA,net_dem_twoparty_margin,20.80521,10.54605,30.979309999999998,80pct,25.0,0.44217500000000004,6.25e-05,0.0006908984375
ushouse,MA-3,MA,net_dem_twoparty_margin,25.50001,14.909220000000001,35.94408,80pct,25.0,0.44217500000000004,6.25e-05,0.0006908984375
ussenate,ID-S3,ID,net_dem_twoparty_margin,-39.58024,-50.4688,-28.699820000000003,80pct,25.0,0.6580500000000001,3.75e-05,0.000616921875
governor,AR-G1,AR,net_dem_twoparty_margin,-26.56203,-36.14198,-16.89053,80pct,0.9117047385150328,0.0006564602270617836,1.0,0.0005984978996588825
ushouse,OR-2,OR,net_dem_twoparty_margin,-34.97865,-45.18352,-24.651020000000003,80pct,25.0,0.44217500000000004,5e-05,0.00055271875
ushouse,WI-7,WI,net_dem_twoparty_margin,-32.09476,-42.637859999999996,-21.62019,80pct,25.0,0.44217500000000004,5e-05,0.00055271875
ushouse,FL-11,FL,net_dem_twoparty_margin,-27.66569,-37.59746,-17.61356,80pct,25.0,0.44217500000000004,5e-05,0.00055271875
ushouse,TX-5,TX,net_dem_twoparty_margin,-30.68086,-40.547909999999995,-20.75607,80pct,25.0,0.44217500000000004,5e-05,0.00055271875
ushouse,TX-2,TX,net_dem_twoparty_margin,-29.37425,-39.578829999999996,-19.21059,80pct,25.0,0.44217500000000004,5e-05,0.00055271875
ushouse,OH-8,OH,net_dem_twoparty_margin,-35.25447,-45.06998,-25.398020000000002,80pct,25.0,0.44217500000000004,5e-05,0.00055271875
ushouse,OK-5,OK,net_dem_twoparty_margin,-28.5035,-38.02714,-18.926579999999998,80pct,25.0,0.44217500000000004,5e-05,0.00055271875
ushouse,CA-38,CA,net_dem_twoparty_margin,22.97358,12.4528,33.349470000000004,80pct,25.0,0.44217500000000004,5e-05,0.00055271875
statehouse,ID,ID,dem_twoparty_seatshare,28.697171428701967,15.991489361702127,40.32258,80pct,0.14318761867597113,0.0037174721189591076,1.0,0.0005322959802080711
statesenate,ID,ID,dem_twoparty_seatshare,28.697171428701967,15.991489361702127,40.32258,80pct,0.14318761867597113,0.0037174721189591076,1.0,0.0005322959802080711
statesenate,HI,HI,dem_twoparty_seatshare,72.24715618408483,60.0,87.5,80pct,0.10858542995439699,0.0048543689320388345,1.0,0.0005271137376427038
statehouse,HI,HI,dem_twoparty_seatshare,72.24715618408483,60.0,87.5,80pct,0.10858542995439699,0.0048543689320388345,1.0,0.0005271137376427038
statehouse,WV,WV,dem_twoparty_seatshare,28.697171428701967,15.991489361702127,40.32258,80pct,0.13430194353316302,0.0037174721189591076,1.0,0.000499263730606554
statesenate,WV,WV,dem_twoparty_seatshare,28.697171428701967,15.991489361702127,40.32258,80pct,0.13430194353316302,0.0037174721189591076,1.0,0.000499263730606554
ushouse,CA-33,CA,net_dem_twoparty_margin,24.4707,12.9828,35.8908,80pct,25.0,0.44217500000000004,3.75e-05,0.0004145390625
ushouse,MN-6,MN,net_dem_twoparty_margin,-31.0165,-40.88913,-21.091479999999997,80pct,25.0,0.44217500000000004,3.75e-05,0.0004145390625
ushouse,CA-35,CA,net_dem_twoparty_margin,25.469260000000002,14.676720000000001,36.223859999999995,80pct,25.0,0.44217500000000004,3.75e-05,0.0004145390625
ushouse,VA-4,VA,net_dem_twoparty_margin,25.589129999999997,15.750979999999998,35.5277,80pct,25.0,0.44217500000000004,3.75e-05,0.0004145390625
ushouse,FL-8,FL,net_dem_twoparty_margin,-31.802059999999997,-41.93058,-21.50145,80pct,25.0,0.44217500000000004,3.75e-05,0.0004145390625
ushouse,MI-6,MI,net_dem_twoparty_margin,23.879839999999998,13.737020000000001,34.0226,80pct,25.0,0.44217500000000004,3.75e-05,0.0004145390625
ushouse,WV-2,WV,net_dem_twoparty_margin,-29.79113,-40.106120000000004,-19.52386,80pct,25.0,0.44217500000000004,3.75e-05,0.0004145390625
ushouse,UT-3,UT,net_dem_twoparty_margin,-33.288509999999995,-44.309490000000004,-22.25275,80pct,25.0,0.44217500000000004,3.75e-05,0.0004145390625
ushouse,TX-16,TX,net_dem_twoparty_margin,28.1735,16.89198,39.526959999999995,80pct,25.0,0.44217500000000004,3.75e-05,0.0004145390625
ushouse,NC-8,NC,net_dem_twoparty_margin,-35.551559999999995,-45.40665,-25.75827,80pct,25.0,0.44217500000000004,3.75e-05,0.0004145390625
ushouse,IL-16,IL,net_dem_twoparty_margin,-33.309059999999995,-43.42892,-23.293210000000002,80pct,25.0,0.44217500000000004,3.75e-05,0.0004145390625
ushouse,MD-5,MD,net_dem_twoparty_margin,27.24018,17.33759,36.99944,80pct,25.0,0.44217500000000004,3.75e-05,0.0004145390625
ushouse,TX-20,TX,net_dem_twoparty_margin,24.23771,13.370820000000002,35.17653,80pct,25.0,0.44217500000000004,3.75e-05,0.0004145390625
ushouse,NC-5,NC,net_dem_twoparty_margin,-32.02617,-42.01145,-21.99409,80pct,25.0,0.44217500000000004,3.75e-05,0.0004145390625
ushouse,MI-9,MI,net_dem_twoparty_margin,-34.9971,-45.16731,-24.67243,80pct,25.0,0.44217500000000004,3.75e-05,0.0004145390625
ussenate,SD-S3,SD,net_dem_twoparty_margin,-37.23312,-47.533590000000004,-26.820529999999998,80pct,25.0,0.6580500000000001,2.5e-05,0.0004112812500000001
statehouse,RI,RI,dem_twoparty_seatshare,72.24715618408483,60.0,87.5,80pct,0.08252716543362394,0.0048543689320388345,1.0,0.00040061730793021326
statesenate,RI,RI,dem_twoparty_seatshare,72.24715618408483,60.0,87.5,80pct,0.08252716543362394,0.0048543689320388345,1.0,0.00040061730793021326
governor,AL-G1,AL,net_dem_twoparty_margin,-31.63509,-42.24432,-20.84686,80pct,1.5185212363673801,0.00024401382204053412,1.0,0.00037054017073572177
statesenate,DE,DE,dem_twoparty_seatshare,72.24715618408483,60.0,87.5,80pct,0.07558021317937161,0.0048543689320388345,1.0,0.0003668942387348136
statehouse,DE,DE,dem_twoparty_seatshare,72.24715618408483,60.0,87.5,80pct,0.07558021317937161,0.0048543689320388345,1.0,0.0003668942387348136
statesenate,MT,MT,dem_twoparty_seatshare,28.697171428701967,15.991489361702127,40.32258,80pct,0.08317955796364887,0.0037174721189591076,1.0,0.00030921768759720766
statehouse,MT,MT,dem_twoparty_seatshare,28.697171428701967,15.991489361702127,40.32258,80pct,0.08317955796364887,0.0037174721189591076,1.0,0.00030921768759720766
ushouse,PA-5,PA,net_dem_twoparty_margin,23.518420000000003,13.625729999999999,33.34795,80pct,25.0,0.44217500000000004,2.5e-05,0.000276359375
ushouse,IN-8,IN,net_dem_twoparty_margin,-37.85657,-48.100590000000004,-27.74933,80pct,25.0,0.44217500000000004,2.5e-05,0.000276359375
ushouse,OK-1,OK,net_dem_twoparty_margin,-31.407009999999996,-41.05379,-21.62586,80pct,25.0,0.44217500000000004,2.5e-05,0.000276359375
ushouse,KY-4,KY,net_dem_twoparty_margin,-36.08842,-45.80065,-26.382170000000002,80pct,25.0,0.44217500000000004,2.5e-05,0.000276359375
ushouse,SC-5,SC,net_dem_twoparty_margin,-30.49946,-39.97545,-20.937079999999998,80pct,25.0,0.44217500000000004,2.5e-05,0.000276359375
ushouse,WA-4,WA,net_dem_twoparty_margin,-38.400459999999995,-48.86775,-28.06602,80pct,25.0,0.44217500000000004,2.5e-05,0.000276359375
ushouse,SC-6,SC,net_dem_twoparty_margin,25.09308,15.126529999999999,34.937459999999994,80pct,25.0,0.44217500000000004,2.5e-05,0.000276359375
ushouse,MT-2,MT,net_dem_twoparty_margin,-32.2788,-42.44254,-22.0379,80pct,25.0,0.44217500000000004,2.5e-05,0.000276359375
ushouse,VA-11,VA,net_dem_twoparty_margin,34.09966,23.37613,44.87307,80pct,25.0,0.44217500000000004,2.5e-05,0.000276359375
ushouse,PA-16,PA,net_dem_twoparty_margin,-30.84853,-41.11984,-20.67965,80pct,25.0,0.44217500000000004,2.5e-05,0.000276359375
ushouse,OH-12,OH,net_dem_twoparty_margin,-36.1198,-46.35318,-25.83355,80pct,25.0,0.44217500000000004,2.5e-05,0.000276359375
ushouse,MA-2,MA,net_dem_twoparty_margin,27.701109999999996,17.05865,38.33801,80pct,25.0,0.44217500000000004,2.5e-05,0.000276359375
ushouse,AR-3,AR,net_dem_twoparty_margin,-32.687870000000004,-42.575109999999995,-22.741870000000002,80pct,25.0,0.44217500000000004,2.5e-05,0.000276359375
ushouse,MI-5,MI,net_dem_twoparty_margin,-32.03584,-42.176559999999995,-21.949289999999998,80pct,25.0,0.44217500000000004,2.5e-05,0.000276359375
statesenate,SD,SD,dem_twoparty_seatshare,28.697171428701967,15.991489361702127,40.32258,80pct,0.06744447684604601,0.0037174721189591076,1.0,0.00025072296225295916
statehouse,SD,SD,dem_twoparty_seatshare,28.697171428701967,15.991489361702127,40.32258,80pct,0.06744447684604601,0.0037174721189591076,1.0,0.00025072296225295916
statehouse,VT,VT,dem_twoparty_seatshare,72.24715618408483,60.0,87.5,80pct,0.048627761876018485,0.0048543689320388345,1.0,0.00023605709648552662
statesenate,VT,VT,dem_twoparty_seatshare,72.24715618408483,60.0,87.5,80pct,0.048627761876018485,0.0048543689320388345,1.0,0.00023605709648552662
statesenate,ND,ND,dem_twoparty_seatshare,28.697171428701967,15.991489361702127,40.32258,80pct,0.05837320013367531,0.0037174721189591076,1.0,0.000217000743991358
statehouse,ND,ND,dem_twoparty_seatshare,28.697171428701967,15.991489361702127,40.32258,80pct,0.05837320013367531,0.0037174721189591076,1.0,0.000217000743991358
ussenate,OK-S3,OK,net_dem_twoparty_margin,-42.2478,-52.93306,-31.822509999999998,80pct,25.0,0.6580500000000001,1.25e-05,0.00020564062500000004
statesenate,WY,WY,dem_twoparty_seatshare,28.697171428701967,15.991489361702127,40.32258,80pct,0.04359851674818397,0.0037174721189591076,1.0,0.0001620762704393456
statehouse,WY,WY,dem_twoparty_seatshare,28.697171428701967,15.991489361702127,40.32258,80pct,0.04359851674818397,0.0037174721189591076,1.0,0.0001620762704393456
ushouse,IN-2,IN,net_dem_twoparty_margin,-32.771640000000005,-43.01089,-22.59564,80pct,25.0,0.44217500000000004,1.25e-05,0.0001381796875
ushouse,CA-31,CA,net_dem_twoparty_margin,27.89388,16.793960000000002,39.03548,80pct,25.0,0.44217500000000004,1.25e-05,0.0001381796875
ushouse,MA-1,MA,net_dem_twoparty_margin,26.15213,15.662479999999999,36.548840000000006,80pct,25.0,0.44217500000000004,1.25e-05,0.0001381796875
ushouse,AL-5,AL,net_dem_twoparty_margin,-34.790409999999994,-44.60921,-25.03296,80pct,25.0,0.44217500000000004,1.25e-05,0.0001381796875
ushouse,IA-4,IA,net_dem_twoparty_margin,-33.980579999999996,-44.0916,-23.96752,80pct,25.0,0.44217500000000004,1.25e-05,0.0001381796875
ushouse,MS-3,MS,net_dem_twoparty_margin,-34.19618,-43.77969,-24.53689,80pct,25.0,0.44217500000000004,1.25e-05,0.0001381796875
ushouse,NY-6,NY,net_dem_twoparty_margin,32.56561,21.20935,44.079209999999996,80pct,25.0,0.44217500000000004,1.25e-05,0.0001381796875
ushouse,IN-6,IN,net_dem_twoparty_margin,-40.83852,-50.567170000000004,-31.02192,80pct,25.0,0.44217500000000004,1.25e-05,0.0001381796875
ushouse,TX-36,TX,net_dem_twoparty_margin,-42.9823,-52.68026,-33.11363,80pct,25.0,0.44217500000000004,1.25e-05,0.0001381796875
ushouse,KS-1,KS,net_dem_twoparty_margin,-42.85941,-52.95551,-32.84057,80pct,25.0,0.44217500000000004,1.25e-05,0.0001381796875
ushouse,FL-1,FL,net_dem_twoparty_margin,-37.89738,-47.58448,-28.149990000000003,80pct,25.0,0.44217500000000004,1.25e-05,0.0001381796875
ushouse,IL-10,IL,net_dem_twoparty_margin,24.15455,13.8842,34.379220000000004,80pct,25.0,0.44217500000000004,1.25e-05,0.0001381796875
ushouse,PA-11,PA,net_dem_twoparty_margin,-30.093259999999997,-39.94492,-20.17616,80pct,25.0,0.44217500000000004,1.25e-05,0.0001381796875
ushouse,MS-4,MS,net_dem_twoparty_margin,-38.95702,-48.79922,-29.047790000000003,80pct,25.0,0.44217500000000004,1.25e-05,0.0001381796875
ushouse,MO-3,MO,net_dem_twoparty_margin,-38.84763,-48.5745,-29.0884,80pct,25.0,0.44217500000000004,1.25e-05,0.0001381796875
ushouse,MA-6,MA,net_dem_twoparty_margin,27.529420000000002,16.39234,38.61902,80pct,25.0,0.44217500000000004,1.25e-05,0.0001381796875
ushouse,NJ-4,NJ,net_dem_twoparty_margin,-34.61882,-44.834509999999995,-24.416420000000002,80pct,25.0,0.44217500000000004,1.25e-05,0.0001381796875
ushouse,CA-24,CA,net_dem_twoparty_margin,27.83718,17.8129,37.95499,80pct,25.0,0.44217500000000004,1.25e-05,0.0001381796875
ushouse,AL-3,AL,net_dem_twoparty_margin,-43.83133,-53.41347,-34.09917,80pct,25.0,0.44217500000000004,1.25e-05,0.0001381796875
ushouse,OK-2,OK,net_dem_twoparty_margin,-50.31933,-60.438869999999994,-40.15238,80pct,25.0,0.44217500000000004,1.25e-05,0.0001381796875
ushouse,TX-27,TX,net_dem_twoparty_margin,-35.74395,-45.78706,-25.75799,80pct,25.0,0.44217500000000004,1.25e-05,0.0001381796875
ushouse,CA-20,CA,net_dem_twoparty_margin,-32.38528,-42.3625,-22.41732,80pct,25.0,0.44217500000000004,1.25e-05,0.0001381796875
ushouse,CA-52,CA,net_dem_twoparty_margin,38.4808,27.82938,49.175059999999995,80pct,25.0,0.44217500000000004,1.25e-05,0.0001381796875
ushouse,NC-2,NC,net_dem_twoparty_margin,24.78284,14.874479999999998,34.82101,80pct,25.0,0.44217500000000004,1.25e-05,0.0001381796875
governor,SD-G1,SD,net_dem_twoparty_margin,-32.440709999999996,-43.40593,-21.64436,80pct,0.26977790738418406,0.00017288677949611753,1.0,4.664103358685345e-05
governor,ID-G1,ID,net_dem_twoparty_margin,-34.54715,-45.398709999999994,-23.870379999999997,80pct,0.5727504747038845,5.550935721776451e-05,1.0,3.1793010696982124e-05
governor,WY-G1,WY,net_dem_twoparty_margin,-34.65887,-45.59494,-23.752979999999997,80pct,0.17439406699273588,7.242265073370557e-05,1.0,1.2630080603845361e-05
ushouse,CA-42,CA,net_dem_twoparty_margin,45.569959999999995,34.72371,56.551809999999996,80pct,25.0,0.44217500000000004,0.0,0.0
ushouse,CA-50,CA,net_dem_twoparty_margin,28.43732,18.19753,38.77946,80pct,25.0,0.44217500000000004,0.0,0.0
ushouse,TX-11,TX,net_dem_twoparty_margin,-100.0,-100.0,-100.0,80pct,25.0,0.44217500000000004,0.0,0.0
ushouse,CA-46,CA,net_dem_twoparty_margin,31.119020000000003,20.14653,41.92217,80pct,25.0,0.44217500000000004,0.0,0.0
ushouse,CA-37,CA,net_dem_twoparty_margin,100.0,100.0,100.0,80pct,25.0,0.44217500000000004,0.0,0.0
ushouse,CA-43,CA,net_dem_twoparty_margin,59.16684,48.70932,69.67038000000001,80pct,25.0,0.44217500000000004,0.0,0.0
ushouse,FL-20,FL,net_dem_twoparty_margin,49.29388,38.9591,59.61002,80pct,25.0,0.44217500000000004,0.0,0.0
ushouse,CA-4,CA,net_dem_twoparty_margin,39.76166,30.131040000000002,49.37057,80pct,25.0,0.44217500000000004,0.0,0.0
ushouse,FL-24,FL,net_dem_twoparty_margin,46.74831,36.26702,57.19191,80pct,25.0,0.44217500000000004,0.0,0.0
ushouse,FL-12,FL,net_dem_twoparty_margin,-37.570040000000006,-47.79184,-27.35339,80pct,25.0,0.44217500000000004,0.0,0.0
ushouse,CA-7,CA,net_dem_twoparty_margin,38.09122,27.913040000000002,48.13477,80pct,25.0,0.44217500000000004,0.0,0.0
ushouse,FL-18,FL,net_dem_twoparty_margin,-83.31631999999999,-90.4312,-75.57526,80pct,25.0,0.44217500000000004,0.0,0.0
ushouse,CA-51,CA,net_dem_twoparty_margin,27.50842,17.290470000000003,37.63779,80pct,25.0,0.44217500000000004,0.0,0.0
ushouse,TX-14,TX,net_dem_twoparty_margin,-37.14986,-47.11545,-27.2556,80pct,25.0,0.44217500000000004,0.0,0.0
ushouse,CA-8,CA,net_dem_twoparty_margin,47.60289,37.40339,57.85464,80pct,25.0,0.44217500000000004,0.0,0.0
ushouse,CO-1,CO,net_dem_twoparty_margin,48.66158,38.39175,58.92548000000001,80pct,25.0,0.44217500000000004,0.0,0.0
ushouse,CO-2,CO,net_dem_twoparty_margin,29.16425,18.6891,39.5674,80pct,25.0,0.44217500000000004,0.0,0.0
ushouse,IL-3,IL,net_dem_twoparty_margin,37.0953,26.957720000000002,47.255390000000006,80pct,25.0,0.44217500000000004,0.0,0.0
ushouse,MN-7,MN,net_dem_twoparty_margin,-37.94835,-48.7843,-26.97421,80pct,25.0,0.44217500000000004,0.0,0.0
ushouse,TN-4,TN,net_dem_twoparty_margin,-44.36685,-54.47074,-34.16284,80pct,25.0,0.44217500000000004,0.0,0.0
ushouse,TN-6,TN,net_dem_twoparty_margin,-43.63091,-53.157030000000006,-34.03824,80pct,25.0,0.44217500000000004,0.0,0.0
ushouse,TN-8,TN,net_dem_twoparty_margin,-46.26506,-56.296490000000006,-36.32993,80pct,25.0,0.44217500000000004,0.0,0.0
ushouse,TN-9,TN,net_dem_twoparty_margin,39.72548,29.60325,49.91364,80pct,25.0,0.44217500000000004,0.0,0.0
ushouse,MN-5,MN,net_dem_twoparty_margin,45.690220000000004,35.650059999999996,55.63686,80pct,25.0,0.44217500000000004,0.0,0.0
ussenate,AR-S3,AR,net_dem_twoparty_margin,-35.77502,-46.544509999999995,-24.87408,80pct,25.0,0.6580500000000001,0.0,0.0
ussenate,ND-S3,ND,net_dem_twoparty_margin,-48.30621,-59.202130000000004,-37.440709999999996,80pct,25.0,0.6580500000000001,0.0,0.0
ushouse,CA-10,CA,net_dem_twoparty_margin,75.13624,66.8958,82.98688,80pct,25.0,0.44217500000000004,0.0,0.0
ushouse,CA-36,CA,net_dem_twoparty_margin,41.5107,30.65581,52.27309,80pct,25.0,0.44217500000000004,0.0,0.0
ushouse,CA-15,CA,net_dem_twoparty_margin,100.0,100.0,100.0,80pct,25.0,0.44217500000000004,0.0,0.0
ushouse,AZ-9,AZ,net_dem_twoparty_margin,-100.0,-100.0,-100.0,80pct,25.0,0.44217500000000004,0.0,0.0
ushouse,MO-1,MO,net_dem_twoparty_margin,48.84315,39.205040000000004,58.32938000000001,80pct,25.0,0.44217500000000004,0.0,0.0
ushouse,LA-2,LA,net_dem_twoparty_margin,51.51171,41.60375,61.39606,80pct,25.0,0.44217500000000004,0.0,0.0
ushouse,LA-1,LA,net_dem_twoparty_margin,-44.79676,-54.270590000000006,-35.137409999999996,80pct,25.0,0.44217500000000004,0.0,0.0
ushouse,KY-5,KY,net_dem_twoparty_margin,-64.89014,-74.64912,-55.01942,80pct,25.0,0.44217500000000004,0.0,0.0
ushouse,KY-2,KY,net_dem_twoparty_margin,-44.63002,-54.19099,-35.01739,80pct,25.0,0.44217500000000004,0.0,0.0
ushouse,KY-1,KY,net_dem_twoparty_margin,-49.442890000000006,-59.594269999999995,-39.42075,80pct,25.0,0.44217500000000004,0.0,0.0
ushouse,KS-4,KS,net_dem_twoparty_margin,-34.05066,-43.93274,-24.163439999999998,80pct,25.0,0.44217500000000004,0.0,0.0
ushouse,AL-7,AL,net_dem_twoparty_margin,32.60918,23.07055,42.2731,80pct,25.0,0.44217500000000004,0.0,0.0
ushouse,TX-31,TX,net_dem_twoparty_margin,-100.0,-100.0,-100.0,80pct,25.0,0.44217500000000004,0.0,0.0
ushouse,WY-1,WY,net_dem_twoparty_margin,-45.204879999999996,-55.56514,-34.75515,80pct,25.0,0.44217500000000004,0.0,0.0
ushouse,OR-3,OR,net_dem_twoparty_margin,39.45265,29.40855,49.45943,80pct,25.0,0.44217500000000004,0.0,0.0
ushouse,ND-1,ND,net_dem_twoparty_margin,-44.158840000000005,-54.398480000000006,-33.91554,80pct,25.0,0.44217500000000004,0.0,0.0
ushouse,TX-9,TX,net_dem_twoparty_margin,47.2421,36.62408,57.69585,80pct,25.0,0.44217500000000004,0.0,0.0
ushouse,MS-2,MS,net_dem_twoparty_margin,26.55289,15.851779999999998,37.24408,80pct,25.0,0.44217500000000004,0.0,0.0
ushouse,OH-6,OH,net_dem_twoparty_margin,-41.26106,-51.63387,-30.94963,80pct,25.0,0.44217500000000004,0.0,0.0
ushouse,UT-1,UT,net_dem_twoparty_margin,-37.406459999999996,-47.9339,-26.84474,80pct,25.0,0.44217500000000004,0.0,0.0
ushouse,LA-4,LA,net_dem_twoparty_margin,-100.0,-100.0,-100.0,80pct,25.0,0.44217500000000004,0.0,0.0
ushouse,LA-6,LA,net_dem_twoparty_margin,-100.0,-100.0,-100.0,80pct,25.0,0.44217500000000004,0.0,0.0
ushouse,MA-4,MA,net_dem_twoparty_margin,100.0,100.0,100.0,80pct,25.0,0.44217500000000004,0.0,0.0
ushouse,CA-2,CA,net_dem_twoparty_margin,48.14546,38.355959999999996,57.9557,80pct,25.0,0.44217500000000004,0.0,0.0
ushouse,CA-12,CA,net_dem_twoparty_margin,79.02646,71.46552,86.6488,80pct,25.0,0.44217500000000004,0.0,0.0
ushouse,CA-34,CA,net_dem_twoparty_margin,100.0,100.0,100.0,80pct,25.0,0.44217500000000004,0.0,0.0
ushouse,CA-32,CA,net_dem_twoparty_margin,41.7739,31.047159999999998,52.494519999999994,80pct,25.0,0.44217500000000004,0.0,0.0
ushouse,CA-30,CA,net_dem_twoparty_margin,100.0,100.0,100.0,80pct,25.0,0.44217500000000004,0.0,0.0
ushouse,CA-29,CA,net_dem_twoparty_margin,100.0,100.0,100.0,80pct,25.0,0.44217500000000004,0.0,0.0
ushouse,CA-28,CA,net_dem_twoparty_margin,37.08854,26.3126,47.844429999999996,80pct,25.0,0.44217500000000004,0.0,0.0
ushouse,CA-19,CA,net_dem_twoparty_margin,40.450990000000004,30.259320000000002,50.5609,80pct,25.0,0.44217500000000004,0.0,0.0
ushouse,MA-5,MA,net_dem_twoparty_margin,44.44088,33.691990000000004,55.19931,80pct,25.0,0.44217500000000004,0.0,0.0
ushouse,CA-18,CA,net_dem_twoparty_margin,39.3399,28.19272,50.631840000000004,80pct,25.0,0.44217500000000004,0.0,0.0
ushouse,CA-17,CA,net_dem_twoparty_margin,47.195859999999996,34.65229,59.905359999999995,80pct,25.0,0.44217500000000004,0.0,0.0
ushouse,CA-16,CA,net_dem_twoparty_margin,100.0,100.0,100.0,80pct,25.0,0.44217500000000004,0.0,0.0
ushouse,CA-14,CA,net_dem_twoparty_margin,42.34324,31.618059999999996,52.956880000000005,80pct,25.0,0.44217500000000004,0.0,0.0
ushouse,MA-8,MA,net_dem_twoparty_margin,35.36234,24.53677,46.135459999999995,80pct,25.0,0.44217500000000004,0.0,0.0
ushouse,MA-7,MA,net_dem_twoparty_margin,71.18024,61.63036999999999,80.77805,80pct,25.0,0.44217500000000004,0.0,0.0
ushouse,MO-4,MO,net_dem_twoparty_margin,-45.62858,-55.649409999999996,-35.499629999999996,80pct,25.0,0.44217500000000004,0.0,0.0
ushouse,NJ-12,NJ,net_dem_twoparty_margin,27.056409999999996,16.84314,37.095659999999995,80pct,25.0,0.44217500000000004,0.0,0.0
ushouse,AL-1,AL,net_dem_twoparty_margin,-83.78096,-90.88834,-76.05837,80pct,25.0,0.44217500000000004,0.0,0.0
ushouse,OK-3,OK,net_dem_twoparty_margin,-53.08217,-62.904880000000006,-43.24668,80pct,25.0,0.44217500000000004,0.0,0.0
ushouse,TX-33,TX,net_dem_twoparty_margin,40.742490000000004,29.35758,52.20292,80pct,25.0,0.44217500000000004,0.0,0.0
ushouse,NC-4,NC,net_dem_twoparty_margin,27.20455,17.779889999999998,36.47515,80pct,25.0,0.44217500000000004,0.0,0.0
ushouse,NY-8,NY,net_dem_twoparty_margin,51.93153,41.76383,62.242540000000005,80pct,25.0,0.44217500000000004,0.0,0.0
ushouse,NY-10,NY,net_dem_twoparty_margin,48.68425,37.44489,59.828340000000004,80pct,25.0,0.44217500000000004,0.0,0.0
ushouse,TX-35,TX,net_dem_twoparty_margin,35.94375,25.068579999999997,46.6133,80pct,25.0,0.44217500000000004,0.0,0.0
ushouse,TX-37,TX,net_dem_twoparty_margin,36.72254,26.682840000000002,46.75758,80pct,25.0,0.44217500000000004,0.0,0.0
ushouse,MO-7,MO,net_dem_twoparty_margin,-47.49702,-56.983219999999996,-37.7817,80pct,25.0,0.44217500000000004,0.0,0.0
ushouse,TX-4,TX,net_dem_twoparty_margin,-36.846090000000004,-46.811890000000005,-26.78193,80pct,25.0,0.44217500000000004,0.0,0.0
ushouse,NY-5,NY,net_dem_twoparty_margin,88.52988,81.79023000000001,94.50265999999999,80pct,25.0,0.44217500000000004,0.0,0.0
ushouse,NY-7,NY,net_dem_twoparty_margin,60.0152,49.86176,70.24538000000001,80pct,25.0,0.44217500000000004,0.0,0.0
ushouse,NJ-8,NJ,net_dem_twoparty_margin,37.37292,26.21021,48.60881,80pct,25.0,0.44217500000000004,0.0,0.0
ushouse,MO-6,MO,net_dem_twoparty_margin,-44.221470000000004,-54.2873,-34.15952,80pct,25.0,0.44217500000000004,0.0,0.0
ushouse,OH-2,OH,net_dem_twoparty_margin,-47.32501,-57.51006999999999,-37.01921,80pct,25.0,0.44217500000000004,0.0,0.0
ushouse,TX-6,TX,net_dem_twoparty_margin,-82.39198,-89.68963000000001,-74.49776999999999,80pct,25.0,0.44217500000000004,0.0,0.0
ushouse,OH-3,OH,net_dem_twoparty_margin,36.646390000000004,26.79263,46.45193,80pct,25.0,0.44217500000000004,0.0,0.0
ushouse,NC-3,NC,net_dem_twoparty_margin,-36.08658,-45.89164,-26.30548,80pct,25.0,0.44217500000000004,0.0,0.0
ushouse,OH-5,OH,net_dem_twoparty_margin,-36.822140000000005,-47.08895,-26.600640000000002,80pct,25.0,0.44217500000000004,0.0,0.0
ushouse,OR-1,OR,net_dem_twoparty_margin,30.83067,20.30902,41.28055,80pct,25.0,0.44217500000000004,0.0,0.0
ushouse,NY-9,NY,net_dem_twoparty_margin,51.30725,41.70746,60.955180000000006,80pct,25.0,0.44217500000000004,0.0,0.0
ushouse,NY-16,NY,net_dem_twoparty_margin,43.10501,33.392140000000005,52.90156999999999,80pct,25.0,0.44217500000000004,0.0,0.0
ushouse,MS-1,MS,net_dem_twoparty_margin,-42.02832,-51.75593,-32.3699,80pct,25.0,0.44217500000000004,0.0,0.0
ushouse,NY-15,NY,net_dem_twoparty_margin,68.56752,58.313,78.78867,80pct,25.0,0.44217500000000004,0.0,0.0
ushouse,NY-13,NY,net_dem_twoparty_margin,71.28153,61.69096,81.05513,80pct,25.0,0.44217500000000004,0.0,0.0
ushouse,NY-12,NY,net_dem_twoparty_margin,46.61156,33.71983,59.49974,80pct,25.0,0.44217500000000004,0.0,0.0
ushouse,NJ-10,NJ,net_dem_twoparty_margin,53.18829,42.94867,63.387280000000004,80pct,25.0,0.44217500000000004,0.0,0.0
ushouse,OK-4,OK,net_dem_twoparty_margin,-42.85503,-52.68781,-32.9783,80pct,25.0,0.44217500000000004,0.0,0.0
ushouse,MO-8,MO,net_dem_twoparty_margin,-57.060759999999995,-66.88857,-47.07529,80pct,25.0,0.44217500000000004,0.0,0.0
ushouse,NC-12,NC,net_dem_twoparty_margin,26.70676,16.7481,36.61435,80pct,25.0,0.44217500000000004,0.0,0.0
ushouse,OH-11,OH,net_dem_twoparty_margin,52.43026999999999,42.718379999999996,62.05525,80pct,25.0,0.44217500000000004,0.0,0.0
ushouse,NC-10,NC,net_dem_twoparty_margin,-40.82529,-50.97155,-30.672209999999996,80pct,25.0,0.44217500000000004,0.0,0.0
ushouse,NE-3,NE,net_dem_twoparty_margin,-58.5975,-68.37716999999999,-48.783809999999995,80pct,25.0,0.44217500000000004,0.0,0.0
ushouse,WV-1,WV,net_dem_twoparty_margin,-42.271370000000005,-52.70644,-31.951559999999997,80pct,25.0,0.44217500000000004,0.0,0.0
ushouse,NY-14,NY,net_dem_twoparty_margin,49.4571,38.69143,60.38768,80pct,25.0,0.44217500000000004,0.0,0.0
ushouse,CA-11,CA,net_dem_twoparty_margin,72.37363,62.78771999999999,81.88399,80pct,25.0,0.44217500000000004,0.0,0.0
ushouse,AL-2,AL,net_dem_twoparty_margin,-39.39987,-48.94954,-29.746270000000003,80pct,25.0,0.44217500000000004,0.0,0.0
ushouse,AZ-8,AZ,net_dem_twoparty_margin,-100.0,-100.0,-100.0,80pct,25.0,0.44217500000000004,0.0,0.0
ushouse,AR-4,AR,net_dem_twoparty_margin,-43.75931,-53.97426,-33.60972,80pct,25.0,0.44217500000000004,0.0,0.0
ushouse,SC-4,SC,net_dem_twoparty_margin,-82.82799,-90.00973,-75.12056,80pct,25.0,0.44217500000000004,0.0,0.0
ushouse,SC-3,SC,net_dem_twoparty_margin,-100.0,-100.0,-100.0,80pct,25.0,0.44217500000000004,0.0,0.0
ushouse,RI-1,RI,net_dem_twoparty_margin,33.09142,22.49859,43.73088,80pct,25.0,0.44217500000000004,0.0,0.0
ushouse,PA-9,PA,net_dem_twoparty_margin,-45.856320000000004,-55.9852,-35.65736,80pct,25.0,0.44217500000000004,0.0,0.0
ushouse,PA-3,PA,net_dem_twoparty_margin,90.73959,84.65271,96.01344,80pct,25.0,0.44217500000000004,0.0,0.0
ushouse,PA-2,PA,net_dem_twoparty_margin,40.492490000000004,30.66725,50.43085,80pct,25.0,0.44217500000000004,0.0,0.0
ushouse,PA-15,PA,net_dem_twoparty_margin,-100.0,-100.0,-100.0,80pct,25.0,0.44217500000000004,0.0,0.0
ushouse,PA-14,PA,net_dem_twoparty_margin,-100.0,-100.0,-100.0,80pct,25.0,0.44217500000000004,0.0,0.0
ushouse,PA-13,PA,net_dem_twoparty_margin,-100.0,-100.0,-100.0,80pct,25.0,0.44217500000000004,0.0,0.0
ushouse,SD-1,SD,net_dem_twoparty_margin,-83.84244,-90.83438000000001,-76.14177,80pct,25.0,0.44217500000000004,0.0,0.0
ushouse,TN-1,TN,net_dem_twoparty_margin,-59.4346,-69.15751999999999,-49.66296,80pct,25.0,0.44217500000000004,0.0,0.0
ushouse,TN-2,TN,net_dem_twoparty_margin,-40.10342,-49.77001,-30.4724,80pct,25.0,0.44217500000000004,0.0,0.0
ushouse,TN-3,TN,net_dem_twoparty_margin,-41.19295,-50.91722,-31.42043,80pct,25.0,0.44217500000000004,0.0,0.0
ushouse,TX-25,TX,net_dem_twoparty_margin,-83.54422,-90.65514,-75.87706,80pct,25.0,0.44217500000000004,0.0,0.0
ushouse,TX-19,TX,net_dem_twoparty_margin,-86.00528,-92.62836,-78.7411,80pct,25.0,0.44217500000000004,0.0,0.0
ushouse,TX-26,TX,net_dem_twoparty_margin,-80.70181,-88.17021,-72.66272,80pct,25.0,0.44217500000000004,0.0,0.0
ushouse,VA-6,VA,net_dem_twoparty_margin,-34.93356,-44.87535,-25.08907,80pct,25.0,0.44217500000000004,0.0,0.0
ushouse,VA-8,VA,net_dem_twoparty_margin,45.96938,35.218579999999996,56.526219999999995,80pct,25.0,0.44217500000000004,0.0,0.0
ushouse,WI-8,WI,net_dem_twoparty_margin,-79.23778,-86.89902,-71.13795,80pct,25.0,0.44217500000000004,0.0,0.0
ushouse,AZ-3,AZ,net_dem_twoparty_margin,43.56527,32.00493,54.98076,80pct,25.0,0.44217500000000004,0.0,0.0
ushouse,CA-44,CA,net_dem_twoparty_margin,53.573330000000006,43.2515,63.89565,80pct,25.0,0.44217500000000004,0.0,0.0
ushouse,TX-1,TX,net_dem_twoparty_margin,-52.3279,-62.041909999999994,-42.587709999999994,80pct,25.0,0.44217500000000004,0.0,0.0
ushouse,TX-12,TX,net_dem_twoparty_margin,-32.43744,-42.23408,-22.69068,80pct,25.0,0.44217500000000004,0.0,0.0
ushouse,TX-13,TX,net_dem_twoparty_margin,-45.562020000000004,-55.48593,-35.584379999999996,80pct,25.0,0.44217500000000004,0.0,0.0
ushouse,VA-3,VA,net_dem_twoparty_margin,30.046979999999998,20.12378,39.9183,80pct,25.0,0.44217500000000004,0.0,0.0
ushouse,WI-6,WI,net_dem_twoparty_margin,-100.0,-100.0,-100.0,80pct,25.0,0.44217500000000004,0.0,0.0
ushouse,VA-9,VA,net_dem_twoparty_margin,-50.983000000000004,-61.00564,-40.87404,80pct,25.0,0.44217500000000004,0.0,0.0
ushouse,WI-5,WI,net_dem_twoparty_margin,-32.77017,-42.77955,-22.75001,80pct,25.0,0.44217500000000004,0.0,0.0
ushouse,WI-4,WI,net_dem_twoparty_margin,43.64893,33.54081,53.55276,80pct,25.0,0.44217500000000004,0.0,0.0
ushouse,WI-2,WI,net_dem_twoparty_margin,34.102540000000005,23.76717,44.4835,80pct,25.0,0.44217500000000004,0.0,0.0
ushouse,WA-9,WA,net_dem_twoparty_margin,42.73409,32.08743,53.16874,80pct,25.0,0.44217500000000004,0.0,0.0
ushouse,TX-29,TX,net_dem_twoparty_margin,35.93307,24.3442,47.53771,80pct,25.0,0.44217500000000004,0.0,0.0
ushouse,WA-7,WA,net_dem_twoparty_margin,69.02781999999999,59.40498,78.63123,80pct,25.0,0.44217500000000004,0.0,0.0
ushouse,TX-18,TX,net_dem_twoparty_margin,39.75101,29.01274,50.48823,80pct,25.0,0.44217500000000004,0.0,0.0
ushouse,TX-30,TX,net_dem_twoparty_margin,46.878840000000004,36.381440000000005,57.31415,80pct,25.0,0.44217500000000004,0.0,0.0
ushouse,AL-4,AL,net_dem_twoparty_margin,-65.04088,-74.32212,-55.83225,80pct,25.0,0.44217500000000004,0.0,0.0
ushouse,AR-1,AR,net_dem_twoparty_margin,-45.88107,-56.55941,-35.24221,80pct,25.0,0.44217500000000004,0.0,0.0
ushouse,IN-4,IN,net_dem_twoparty_margin,-39.94293,-49.87978,-30.134870000000003,80pct,25.0,0.44217500000000004,0.0,0.0
ushouse,IN-3,IN,net_dem_twoparty_margin,-36.955999999999996,-46.74568,-27.09692,80pct,25.0,0.44217500000000004,0.0,0.0
ushouse,IL-9,IL,net_dem_twoparty_margin,37.074709999999996,26.8763,47.14693,80pct,25.0,0.44217500000000004,0.0,0.0
ushouse,IL-7,IL,net_dem_twoparty_margin,100.0,100.0,100.0,80pct,25.0,0.44217500000000004,0.0,0.0
ushouse,IL-5,IL,net_dem_twoparty_margin,34.41055,23.75477,45.11092,80pct,25.0,0.44217500000000004,0.0,0.0
ushouse,IL-4,IL,net_dem_twoparty_margin,44.83494,34.18437,55.52701999999999,80pct,25.0,0.44217500000000004,0.0,0.0
ushouse,IL-2,IL,net_dem_twoparty_margin,40.19656,30.42825,49.88447,80pct,25.0,0.44217500000000004,0.0,0.0
ushouse,IL-15,IL,net_dem_twoparty_margin,-41.23449,-51.46995,-30.99302,80pct,25.0,0.44217500000000004,0.0,0.0
ushouse,IL-12,IL,net_dem_twoparty_margin,-46.33338,-56.653290000000005,-36.00581,80pct,25.0,0.44217500000000004,0.0,0.0
ushouse,IL-1,IL,net_dem_twoparty_margin,35.66267,25.87125,45.41834,80pct,25.0,0.44217500000000004,0.0,0.0
ushouse,ID-2,ID,net_dem_twoparty_margin,-35.2644,-45.0611,-25.256529999999998,80pct,25.0,0.44217500000000004,0.0,0.0
ushouse,FL-6,FL,net_dem_twoparty_margin,-83.01915,-90.22157,-75.27759,80pct,25.0,0.44217500000000004,0.0,0.0
ushouse,MI-2,MI,net_dem_twoparty_margin,-36.33406,-46.905409999999996,-25.82137,80pct,25.0,0.44217500000000004,0.0,0.0
ushouse,MI-4,MI,net_dem_twoparty_margin,-78.96632,-86.63622,-70.81334,80pct,25.0,0.44217500000000004,0.0,0.0
ushouse,MN-4,MN,net_dem_twoparty_margin,32.29667,22.13256,42.276540000000004,80pct,25.0,0.44217500000000004,0.0,0.0
ushouse,ID-1,ID,net_dem_twoparty_margin,-47.02256,-57.11761,-36.863890000000005,80pct,25.0,0.44217500000000004,0.0,0.0
ushouse,FL-5,FL,net_dem_twoparty_margin,-100.0,-100.0,-100.0,80pct,25.0,0.44217500000000004,0.0,0.0
ushouse,GA-10,GA,net_dem_twoparty_margin,-35.114909999999995,-44.68974,-25.46321,80pct,25.0,0.44217500000000004,0.0,0.0
ushouse,HI-1,HI,net_dem_twoparty_margin,31.5803,19.74566,43.33207,80pct,25.0,0.44217500000000004,0.0,0.0
ushouse,AL-6,AL,net_dem_twoparty_margin,-84.57711,-91.46213,-76.98586,80pct,25.0,0.44217500000000004,0.0,0.0
ushouse,MD-8,MD,net_dem_twoparty_margin,45.23052,34.71447,55.8208,80pct,25.0,0.44217500000000004,0.0,0.0
ushouse,MD-7,MD,net_dem_twoparty_margin,47.53625,37.48402,57.492,80pct,25.0,0.44217500000000004,0.0,0.0
ushouse,MD-4,MD,net_dem_twoparty_margin,71.42035,62.74823000000001,80.02051,80pct,25.0,0.44217500000000004,0.0,0.0
ushouse,MI-13,MI,net_dem_twoparty_margin,38.9721,28.606790000000004,49.26532,80pct,25.0,0.44217500000000004,0.0,0.0
ushouse,IN-7,IN,net_dem_twoparty_margin,31.93631,21.778170000000003,42.135709999999996,80pct,25.0,0.44217500000000004,0.0,0.0
ushouse,GA-9,GA,net_dem_twoparty_margin,-50.86761,-60.34551999999999,-41.31837,80pct,25.0,0.44217500000000004,0.0,0.0
ushouse,MI-12,MI,net_dem_twoparty_margin,41.25483,31.415,51.03069,80pct,25.0,0.44217500000000004,0.0,0.0
ushouse,GA-8,GA,net_dem_twoparty_margin,-39.187470000000005,-49.25824,-29.162879999999998,80pct,25.0,0.44217500000000004,0.0,0.0
ushouse,GA-5,GA,net_dem_twoparty_margin,49.6524,39.72452,59.47005,80pct,25.0,0.44217500000000004,0.0,0.0
ushouse,GA-4,GA,net_dem_twoparty_margin,47.3606,37.65739,57.05563000000001,80pct,25.0,0.44217500000000004,0.0,0.0
ushouse,GA-3,GA,net_dem_twoparty_margin,-39.43015,-48.976890000000004,-29.71465,80pct,25.0,0.44217500000000004,0.0,0.0
ushouse,GA-14,GA,net_dem_twoparty_margin,-44.70811,-54.533609999999996,-34.87194,80pct,25.0,0.44217500000000004,0.0,0.0
ushouse,GA-13,GA,net_dem_twoparty_margin,48.88516,38.5952,59.08204,80pct,25.0,0.44217500000000004,0.0,0.0
ushouse,OH-4,OH,net_dem_twoparty_margin,-42.79292,-52.79943000000001,-32.818509999999996,80pct,25.0,0.44217500000000004,0.0,0.0
